<?xml version="1.0" encoding="UTF-8"?>
<!DOCTYPE sql PUBLIC "sql" "../config/sql.dtd" >

<sqls>

	<dataSpace name="keycode">
	
		<sql name="getKeycodeCount">
			<![CDATA[
				select count(1) from @{tablename} where @{keycodeField} = '@{keycodeValue}' and statuscode = 'open'
			]]>
		</sql>
		
		<sql name="getKeycodeConfiltCount">
			<![CDATA[
				select count(1) from @{tablename} where @{keycodeField} = '@{keycodeValue}' and @{filter}
			]]>
		</sql>		

		<sql name="getKeycodeExistsSet">
			<![CDATA[
				select * from @{tablename} where @{keycodeField} = '@{keycodeValue}'
			]]>
		</sql>
		
		<sql name="getKeycodeConfiltSet">
			<![CDATA[
				select * from @{tablename} where @{keycodeField} = '@{keycodeValue}' and @{filter}
			]]>
		</sql>
		
		<sql name="getQtyDetailKeycodeConfiltSet">
			<![CDATA[
				select agreement.id, agreement.no, customername, productname, begindate, enddate, operator
				from agreement 
				left join agreementqtydetail outdetail on agreement.id = outdetail.parentid
				where exists (
					select 1 from agreementqtydetail crrrtemp 
					where crrrtemp.parentid = '@{parentid}'
						and outdetail.customerid = crrrtemp.customerid
						and outdetail.productid = crrrtemp.productid
					)
				and agreement.id <> '@{parentid}'
				and (agreement.statuscode = 'commit' or agreement.statuscode = 'open')
				and (
					(agreement.agreementstatus is null
					OR agreement.agreementstatus = 'open') 
				)
				and @{filter}
			]]>
		</sql>
		
		<sql name="getQtyDetailKeycodeConfiltByOriginal">
			<![CDATA[
				select agreement.id, agreement.no, customername, productname, begindate, enddate, operator
				from agreement 
				left join agreementqtydetail outdetail on agreement.id = outdetail.parentid
				where exists (
					select 1 from agreementqtydetail crrrtemp 
					where crrrtemp.parentid = '@{parentid}'
						and outdetail.customerid = crrrtemp.customerid
						and outdetail.productid = crrrtemp.productid
					)
				and agreement.id <> '@{parentid}'
				and agreement.id <> '@{originalid}'
				and (agreement.statuscode = 'commit' or agreement.statuscode = 'open')
				and (
					(agreement.agreementstatus is null
					OR agreement.agreementstatus = 'open') 
				)
				and @{filter}
			]]>
		</sql>
		
		<sql name="getQtyDetailKeycodeConfiltCount">
			<![CDATA[
				select count(1) from agreement 
				left join agreementqtydetail outdetail on agreement.id = outdetail.parentid
				where exists (
					select 1 from agreementqtydetail crrrtemp 
					where crrrtemp.parentid = '@{parentid}'
						and outdetail.customerid = crrrtemp.customerid
						and outdetail.productid = crrrtemp.productid
					)
				and (agreement.statuscode = 'commit' or agreement.statuscode = 'open')
				and  agreement.agreementstatus <> 'close'
				and @{filter}
				group by customerid, productid
				having count(1) > 0
			]]>
		</sql>
		
	</dataSpace>
	
	
	<dataSpace name="coderule">
	
		<sql name="getSequenceMax">
			<![CDATA[
				select maxvalue from codesequence where objectname = '@{objectName}'
			]]>
		</sql>	

		<sql name="setSequenceMax">
			<![CDATA[
				update codesequence set maxvalue = @{maxValue} where objectname = '@{objectName}'
			]]>
		</sql>
		
		<sql name="getProvinceKey">
			<![CDATA[
				select abbreviation from province where cnname= '@{provinceName}'
			]]>
		</sql>
		
		<sql name="getPlatformCode">
			<![CDATA[
				select envalue from dictionary where groupcode = 'platform' and code ='@{platformCode}'
			]]>
		</sql>
		
		<sql name="getApplyTypeCode">
			<![CDATA[
				select code from dictionary where groupcode = 'typeCode' and envalue ='@{value}'
			]]>
		</sql>
		
	</dataSpace>
</sqls>
