<?xml version="1.0" encoding="UTF-8"?>
<!DOCTYPE sql PUBLIC "sql" "../config/sql.dtd" >

<sqls>
	<dataSpace name="dictionary">
		<sql name="getDictionary" > 
			select * from dictionary order by groupcode, value
		</sql>

		<sql name="getOneDictionary" > 
			select * from dictionary where groupcode = '@{groupcode}' order by code
		</sql>
		
		<sql name="getLinDictionary" > 
			select * from dictionary where groupcode = '@{groupcode}' and value='@{value}'
		</sql>
		
	</dataSpace>
</sqls>
