<?xml version="1.0" encoding="UTF-8"?>
<!DOCTYPE sql PUBLIC "sql" "../config/sql.dtd" >

<sqls>

	<dataSpace name="default">
		<sql name="getMessageById">
			<![CDATA[
				select * from documentMessage 
				where reciverid = '@{id}' and isActive = 'T'
			]]>
		</sql>
		
		<sql name="getAllMessage">
			<![CDATA[
				select * from documentMessage 
				where isActive = 'T'
			]]>
		</sql>	
		
		<sql name="countMessageById">
			<![CDATA[
				select count(1) from documentMessage 
				where reciverid = '@{id}' and isActive = 'T'
			]]>
		</sql>
		
		<sql name="countAllMessage">
			<![CDATA[
				select count(1) from documentMessage 
				where isActive = 'T'
			]]>
		</sql>		

		<sql name="deactivateMessage">
			<![CDATA[
				update documentMessage set isActive = 'F'
				where reciverid = '@{id}';
			]]>
		</sql>		
			
	
	</dataSpace>
	
	<dataSpace name="postman">
		<sql name="agreementDeactivateRebateSlit">
			<![CDATA[
				insert into documentMessage 
					(id, recivertype, reciverid, isactive, sendertype, senderid) 
				values (
					select replace(newid(), '-', ''), 'rebateslit', id, 'T', '@{sendertype}', '@{senderid}'
					from rebateslit where statuscode <> 'close' and exists (
						select 1 from rebatedetail 
						where rebatedetail.parentid = rebateslit.id
							and rebatedetail.agreementid = '@{senderid}'
					)
				)
			]]>
		</sql>

		<sql name="salesflowDeactivateRebateSlit">
			<![CDATA[
				insert into documentMessage 
					(id, recivertype, reciverid, isactive, sendertype, yearno, monthno) 
				values (
					select replace(newid(),'-',''), 'rebateslit', id, 'T', '@{sendertype}', @{period.year}, @{period.month}
					from rebateslit where statuscode <> 'close'
					left join rebatedetail on rebatedetail.parentid = rebateslit.id
					where exists (
						select 1 from salesflow 
						where salesflow.id = rebatedetail.flowid
							and salesflow.year = @{period.year} and salesflow.month = @{period.month}
					)
				)
			]]>
		</sql>		
		
		
		<sql name="agreementDeactivateFeeSlit">
			<![CDATA[
				insert into documentMessage 
					(id, recivertype, reciverid, isactive, sendertype, senderid) 
				values (
					select replace(newid(),'-',''), 'feeslit', feeslit.id, 'T', '@{sendertype}', '@{senderid}'
					from feeslit where statuscode <> 'close' and exists (
						select 1 from rebateslit  
						where feeslit.rebateid = rebateslit.id
							 and exists (
								select 1 from rebatedetail 
								where rebatedetail.parentid = rebateslit.id
								and rebatedetail.agreementid = '@{senderid}'
							)
						)
					)
			]]>
		</sql>	
		
		<sql name="getagreementDeactivateFeeSlit">
			<![CDATA[
				select replace(newid(),'-',''), 'feeslit', feeslit.id, 'T', '@{sendertype}', '@{senderid}'
				from feeslit where statuscode <> 'close' and exists (
					select 1 from rebateslit  
					where feeslit.rebateid = rebateslit.id
						 and exists (
							select 1 from rebatedetail 
							where rebatedetail.parentid = rebateslit.id
							and rebatedetail.agreementid = '@{senderid}'
						)
					)
			]]>
		</sql>	
		
		<sql name="rebateslitDeactivateFeeSlit">
			<![CDATA[
				insert into documentMessage 
					(id, recivertype, reciverid, isactive, sendertype, senderid) 
				
					select replace(newid(), '-', ''), 'feeslit', id, 'T', '@{sendertype}', '@{senderid}'
					from feeslit where statuscode <> 'close' 
						and rebateid = @{rebateid}
					)
				)
			]]>
		</sql>		
		
		<sql name="salesflowDeactivateFeeSlit">
			<![CDATA[
				insert into documentMessage 
					(id, recivertype, reciverid, isactive, sendertype, yearno, monthno) 
				values (
					select replace(newid(), '-', ''), 'feeslit', id, 'T', '@{sendertype}', @{period.year}, @{period.month}
					from feeslit where statuscode <> 'close'
					left join rebateslit on feeslit.rebateid = rebateslit.id
					left join rebatedetail on rebatedetail.parentid = rebateslit.id
					where exists (
						select 1 from salesflow 
						where salesflow.id = rebatedetail.flowid
							and salesflow.year = @{period.year} and salesflow.month = @{period.month}
					)
				)
			]]>
		</sql>		
	
		<sql name="setRecalculateByAgreement">
			<![CDATA[
				insert into documentMessage 
					(id, recivertype, isactive, sendertype, senderid)
				values 
					(replace(newid(),'-',''), 'engine', 'T', '@{sendertype}', '@{senderid}')
			]]>
		</sql>	
		
		<sql name="setRecalculateAll">
			<![CDATA[
				insert into documentMessage 
					(id, recivertype, isactive, sendertype)
				values 	
					(replace(newid(),'-',''), 'engine', 'T', '@{sendertype}')
			]]>
		</sql>		
	
	</dataSpace>
	
	<dataSpace name="setIserror">
		<sql name="updateFeeSlitIserror">
			<![CDATA[
				UPDATE feeslit set iserror='T' where id in (
					SELECT DISTINCT parentid from feedetail where id in (
						SELECT reciverid from documentmessage where recivertype='feeslit' and isactive='T'
					)   
				)
			]]>
		</sql>	
			
		<sql name="updateRebateslitIserror">
			<![CDATA[
				UPDATE rebateslit set iserror='T' where id in (
					SELECT DISTINCT parentid from rebatedetail where id in (
						SELECT reciverid from documentmessage where recivertype='rebateslit' and isactive='T'
					)   
				)
			]]>
		</sql>		
		
		
	</dataSpace>
	
	
	
</sqls>
