<?xml version="1.0" encoding="UTF-8"?>
<!DOCTYPE sql PUBLIC "sql" "../config/sql.dtd" >

<sqls>
	<dataSpace name="uploadTemplate">
		<sql name="getUploadTemplate">
			<![CDATA[
				SELECT * from uploadtemplate where 1<>1
			]]>
		</sql>
	</dataSpace>

	<dataSpace name="download">
		<!-- 数量确认单用的有效流向 -->
		<sql name="getMyGeneralrebatebookByOpen">
			<![CDATA[
				SELECT
					v_generalrebatebook.*, v_generalrebatebook. YEAR AS flowyear,
					v_generalrebatebook. MONTH AS flowmonth,
					v_customerAngent.province
				FROM
					v_generalrebatebook
				LEFT JOIN v_customerAngent ON v_generalrebatebook.agreementfinedetailid = v_customerAngent.agreementfinedetailid
				WHERE
					v_customerAngent.province IN (
					SELECT
						cnname AS province
					FROM
						province
					WHERE
						@{userProvince}
				)
				AND qty_available > 0
				and v_generalrebatebook.productgroupid='@{productgroupid}'
				
			]]>
		</sql>
		
		<!-- 费用单用的有效数量确认单 -->
		<sql name="getRebateslitByOpen">
			<![CDATA[
				SELECT rebateslit.*, (
						SELECT SUM (rebatedetail.qty)
						FROM rebatedetail
						WHERE rebatedetail.parentid = rebateslit.id
					) AS qty_sum,
					(SELECT SUM (rebatedetail.price_rebate)
						FROM rebatedetail
						WHERE rebatedetail.parentid = rebateslit.id
					) AS rebateamt_sum,
					AA.alreadyrebateamt_sum,
					(COALESCE (
						(SELECT SUM (rebatedetail.price_rebate)
							FROM rebatedetail
							WHERE rebatedetail.parentid = rebateslit.id
						), 0 ) - COALESCE (AA.alreadyrebateamt_sum, 0)
					) AS sumprice_rebate
				FROM rebateslit
				LEFT JOIN (
					SELECT SUM (feedetail.amt) + SUM (feedetail.amt_other) as alreadyrebateamt_sum, feeslit.rebateid 
					from feeslit LEFT JOIN feedetail on feedetail.parentid=feeslit.id 
					where feeslit.statuscode <> 'close' 
					GROUP BY feeslit.rebateid) AA
				ON rebateslit.id = AA.rebateid
				WHERE
					NOT EXISTS (
						SELECT *
						FROM (SELECT tbA.*
								FROM (SELECT BB.rebateid, BB.alreadyrebateamt_sum as sumfee_rebate
										FROM (
											SELECT SUM (feedetail.amt) + SUM (feedetail.amt_other) as alreadyrebateamt_sum, feeslit.rebateid 
											from feeslit LEFT JOIN feedetail on feedetail.parentid=feeslit.id 
											where feeslit.statuscode <> 'close' 
											GROUP BY feeslit.rebateid) BB
									) tbA
								LEFT JOIN 
								(SELECT rebateslit.*, 
									(SELECT SUM (rebatedetail.price_rebate)
										FROM rebatedetail
										WHERE rebatedetail.parentid = rebateslit.id
									) AS sumprice_rebate
									FROM rebateslit
								) tbB ON tbA.rebateid = tbB.id
								WHERE tbA.sumfee_rebate >= tbB.sumprice_rebate
							) A
						WHERE rebateslit.id = A.rebateid
					)
				and @{rebateproductgroup}
				and rebateslit.province in (select cnname as province  from province where @{userProvince})
				and rebateslit.statuscode ='open'
			]]>
		</sql>
<!-- 		<sql name="getRebateslitByOpen">
			<![CDATA[
				SELECT * ,
				(select sum(rebatedetail.qty) from rebatedetail where rebatedetail.parentid = rebateslit.id) as qty_sum,
				(select sum(rebatedetail.price_rebate) from rebatedetail where rebatedetail.parentid = rebateslit.id) as sumprice_rebate
				from rebateslit 
				where not EXISTS (
					SELECT 1 from feeslit where rebateslit.id = feeslit.rebateid and statuscode <>'close'
				) and statuscode ='open'
				and operatorid in (@{children})
			]]>
		</sql> -->
		<sql name="getCsolistByRebateslit">
			<![CDATA[
				SELECT * 
				from csolist 
				where EXISTS (SELECT 1 from 
					(SELECT agentid, province
					from rebateslit 
					where not EXISTS (
						SELECT *
						FROM (SELECT tbA.*
								FROM (SELECT BB.rebateid, BB.alreadyrebateamt_sum as sumfee_rebate
										FROM (
											SELECT SUM (feedetail.amt) + SUM (feedetail.amt_other) as alreadyrebateamt_sum, feeslit.rebateid 
											from feeslit LEFT JOIN feedetail on feedetail.parentid=feeslit.id 
											where feeslit.statuscode <> 'close' 
											GROUP BY feeslit.rebateid) BB
									) tbA
								LEFT JOIN 
								(SELECT rebateslit.*, 
									(SELECT SUM (rebatedetail.price_rebate)
										FROM rebatedetail
										WHERE rebatedetail.parentid = rebateslit.id
									) AS sumprice_rebate
									FROM rebateslit
								) tbB ON tbA.rebateid = tbB.id
								WHERE tbA.sumfee_rebate >= tbB.sumprice_rebate
							) A
						WHERE rebateslit.id = A.rebateid
						) 
					and statuscode ='open'
					and operatorid in (@{children})
				) A where A.agentid = csolist.agentid and A.province = csolist.province)
			]]>
		</sql>
<!-- 		<sql name="getCsolistByRebateslit">
			<![CDATA[
				SELECT * 
				from csolist 
				where EXISTS (SELECT 1 from 
								(SELECT agentid, province
								from rebateslit 
								where not EXISTS (
										SELECT 1 from feeslit where rebateslit.id = feeslit.rebateid and statuscode <>'close'
									) and statuscode ='open'
								and operatorid in (@{children})
							) A where A.agentid = csolist.agentid and A.province = csolist.province)
			]]>
		</sql> -->
		
		<!-- 数量确认单及明细  -->
		<sql name="getRebateslitByAll">
			<![CDATA[
				SELECT rebateslit.*,
					(select sum(rebatedetail.qty) from rebatedetail where rebatedetail.parentid = rebateslit.id) as qty_sum,
					(select sum(rebatedetail.price_rebate) from rebatedetail where rebatedetail.parentid = rebateslit.id) as sumprice_rebate,
					customer.name as customername, product.spec, product.name as productname, rebatedetail.docno, rebatedetail.qty_original, rebatedetail.qty, rebatedetail.docstate, rebatedetail.flowyear,rebatedetail.flowmonth,
					rebatedetail.price_rebate,
					dictionary.value as type
				from rebateslit 
				LEFT JOIN rebatedetail on rebatedetail.parentid = rebateslit.id 
				LEFT JOIN customer on rebatedetail.customerid = customer.id
				LEFT JOIN product on rebatedetail.productid = product.id
				LEFT JOIN dictionary on rebateslit.typecode = dictionary.envalue
				where @{filter} 
					and EXISTS (SELECT 1 from rebatedetail where rebatedetail.parentid = rebateslit.id and @{docno})
					and operatorid in (@{children})
					and dictionary.groupcode ='typeCode'
			]]>
		</sql>
		
		<!-- 协议及明细 -->
		<sql name="getAgreementByAll">
			<![CDATA[
				SELECT agreement.productgroupname, agreement.bondstatus, agreement.attachmentstatus, agreement.updatetime,agreement.rejectreason, agreement.id, agreement.typecode,(SELECT [value] from dictionary where dictionary.code = agreement.agreementstatus and groupcode = 'agreement_status') as agreementstatus, (SELECT value from dictionary where envalue = agreement.typecode) as type, agreement.no, (SELECT [value] from dictionary where dictionary.code = agreement.statuscode and groupcode = 'application_status') as status, (SELECT name from platform where code = agreement.platformcode) as platform, agreement.salesdepartmentname, agreement.operator, agreement.begindate, agreement.enddate, agreement.remark, agreement.province, agreement.agentname, agreement.businessname, agreement.custrep,
					agreement.custphone, agreement.custfax, agreement.custzip, agreement.custconnector, agreement.custbank, ('’' + agreement.custaccount) as custaccount, agreement.servicename, agreement.servicebank, ('’' + agreement.serviceaccount) as serviceaccount, agreement.generalagentname, agreement.amt_generalagent, agreement.custaddress,
					f.productname, f.spec,f.policy, f.price_lowest, f.fine_achieve, f.fine_learning, f.fine_government, f.price_invoice, f.rate_tax, f.amt_bond_plan, f.paymentorg, f.amt_bond_fix,
					f.amt_negotiation, f.negotiationtype, f.negobegindate, f.negoenddate,
					f.responsible, f.amt_selfmanagement,
					f.period_account_ly, f.period_account_cy, f.period_shippment, f.period_general_cy, f.creditlimit_cy, f.distributionpoint, f.rate_rebate_s, f.rate_rebate_y, f.qtyline_rebate, 
					q.customercode, q.customername, q.grade, q.level, q.price, q.qty, q.qty1, q.qty2, q.qty3, q.qty4, q.qty5, q.qty6, q.qty7, q.qty8, q.qty9, q.qty10, q.qty11, q.qty12
				from agreement
					LEFT JOIN agreementfinedetail f on f.parentid = agreement.id
					LEFT JOIN agreementqtydetail q on q.parentid = agreement.id and q.productid = f.productid and q.price = f.price_invoice
				where  agreement.typecode = 'PurchaseAndSale' 
					and @{filter}
					and (agreement.province in (select cnname as province  from province where @{userProvince}) or agreement.province is null)
					and @{agreementproductgroup}
					
				UNION ALL
				SELECT agreement.productgroupname, agreement.bondstatus, agreement.attachmentstatus, agreement.updatetime,agreement.rejectreason, agreement.id, agreement.typecode,(SELECT [value] from dictionary where dictionary.code = agreement.agreementstatus and groupcode = 'agreement_status') as agreementstatus, (SELECT value from dictionary where envalue = agreement.typecode) as type, agreement.no, (SELECT [value] from dictionary where dictionary.code = agreement.statuscode and groupcode = 'application_status') as status, (SELECT name from platform where code = agreement.platformcode) as platform, agreement.salesdepartmentname, agreement.operator, agreement.begindate, agreement.enddate, agreement.remark, agreement.province, agreement.agentname, agreement.businessname, agreement.custrep,
					agreement.custphone, agreement.custfax, agreement.custzip, agreement.custconnector, agreement.custbank, ('’' + agreement.custaccount) as custaccount, agreement.servicename, agreement.servicebank, ('’' + agreement.serviceaccount) as serviceaccount, agreement.generalagentname, agreement.amt_generalagent, agreement.custaddress,
					f.productname, f.spec,f.policy, f.price_lowest, f.fine_achieve, f.fine_learning, f.fine_government, f.price_invoice, f.rate_tax, f.amt_bond_plan, f.paymentorg, f.amt_bond_fix,
					f.amt_negotiation, f.negotiationtype, f.negobegindate, f.negoenddate,
					f.responsible, f.amt_selfmanagement,
					f.period_account_ly, f.period_account_cy, f.period_shippment, f.period_general_cy, f.creditlimit_cy, f.distributionpoint, f.rate_rebate_s, f.rate_rebate_y, f.qtyline_rebate, 
					q.customercode, q.customername, q.grade, q.level, q.price, q.qty, q.qty1, q.qty2, q.qty3, q.qty4, q.qty5, q.qty6, q.qty7, q.qty8, q.qty9, q.qty10, q.qty11, q.qty12
				from agreement 
					LEFT JOIN agreementfinedetail f on f.parentid = agreement.id
					LEFT JOIN agreementqtydetail q on q.parentid = agreement.id and q.linkedid = f.linkedid 
				where  agreement.typecode = 'Agency' 
					and @{filter}
					and (agreement.province in (select cnname as province  from province where @{userProvince}) or agreement.province is null)
					and @{agreementproductgroup}
				UNION ALL
				SELECT agreement.productgroupname, agreement.bondstatus, agreement.attachmentstatus, agreement.updatetime,agreement.rejectreason, agreement.id, agreement.typecode,(SELECT [value] from dictionary where dictionary.code = agreement.agreementstatus and groupcode = 'agreement_status') as agreementstatus, (SELECT value from dictionary where envalue = agreement.typecode) as type, agreement.no, (SELECT [value] from dictionary where dictionary.code = agreement.statuscode and groupcode = 'application_status') as status, (SELECT name from platform where code = agreement.platformcode) as platform, agreement.salesdepartmentname, agreement.operator, agreement.begindate, agreement.enddate, agreement.remark, agreement.province, agreement.agentname, agreement.businessname, agreement.custrep,
					agreement.custphone, agreement.custfax, agreement.custzip, agreement.custconnector, agreement.custbank, ('’' + agreement.custaccount) as custaccount, agreement.servicename, agreement.servicebank, ('’' + agreement.serviceaccount) as serviceaccount, agreement.generalagentname, agreement.amt_generalagent, agreement.custaddress,
					f.productname, f.spec,f.policy, f.price_lowest, f.fine_achieve, f.fine_learning, f.fine_government, f.price_invoice, f.rate_tax, f.amt_bond_plan, f.paymentorg, f.amt_bond_fix,
					f.amt_negotiation, f.negotiationtype, f.negobegindate, f.negoenddate,
					f.responsible, f.amt_selfmanagement,
					f.period_account_ly, f.period_account_cy, f.period_shippment, f.period_general_cy, f.creditlimit_cy, f.distributionpoint, f.rate_rebate_s, f.rate_rebate_y, f.qtyline_rebate, 
					f.customercode, f.customername, q.grade, q.level, q.price, q.qty, q.qty1, q.qty2, q.qty3, q.qty4, q.qty5, q.qty6, q.qty7, q.qty8, q.qty9, q.qty10, q.qty11, q.qty12
				from agreement
					LEFT JOIN agreementfinedetail f on f.parentid = agreement.id
					LEFT JOIN agreementqtydetail q on q.parentid = agreement.id
				where  agreement.typecode = 'SelfSale' 
					and @{filter}
					and (agreement.province in (select cnname as province  from province where @{userProvince}) or agreement.province is null)
					and @{agreementproductgroup}
				UNION ALL
				SELECT agreement.productgroupname, agreement.bondstatus, agreement.attachmentstatus, agreement.updatetime,agreement.rejectreason, agreement.id, agreement.typecode,(SELECT [value] from dictionary where dictionary.code = agreement.agreementstatus and groupcode = 'agreement_status') as agreementstatus, (SELECT value from dictionary where envalue = agreement.typecode) as type, agreement.no, (SELECT [value] from dictionary where dictionary.code = agreement.statuscode and groupcode = 'application_status') as status, (SELECT name from platform where code = agreement.platformcode) as platform, agreement.salesdepartmentname, agreement.operator, agreement.begindate, agreement.enddate, agreement.remark, agreement.province, agreement.agentname, agreement.businessname, agreement.custrep,
					agreement.custphone, agreement.custfax, agreement.custzip, agreement.custconnector, agreement.custbank, ('’' + agreement.custaccount) as custaccount, agreement.servicename, agreement.servicebank, ('’' + agreement.serviceaccount) as serviceaccount, agreement.generalagentname, agreement.amt_generalagent, agreement.custaddress,
					f.productname, f.spec,f.policy, f.price_lowest, f.fine_achieve, f.fine_learning, f.fine_government, f.price_invoice, f.rate_tax, f.amt_bond_plan, f.paymentorg, f.amt_bond_fix,
					f.amt_negotiation, f.negotiationtype, f.negobegindate, f.negoenddate,
					f.responsible, f.amt_selfmanagement,
					f.period_account_ly, f.period_account_cy, f.period_shippment, f.period_general_cy, f.creditlimit_cy, f.distributionpoint, f.rate_rebate_s, f.rate_rebate_y, f.qtyline_rebate, 
					q.customercode, q.customername, q.grade, q.level, q.price, q.qty, q.qty1, q.qty2, q.qty3, q.qty4, q.qty5, q.qty6, q.qty7, q.qty8, q.qty9, q.qty10, q.qty11, q.qty12
				from agreement
					LEFT JOIN agreementfinedetail f on f.parentid = agreement.id
					LEFT JOIN agreementqtydetail q on q.parentid = agreement.id
				where  agreement.typecode = 'MainChannel' 
					and @{filter}
					and (agreement.province in (select cnname as province  from province where @{userProvince}) or agreement.province is null)
					and @{agreementproductgroup}
				ORDER BY agreement.typecode, agreement.no, agreement.id
			]]>
		</sql>
		
	</dataSpace>
	
	<dataSpace name="selectDownloadTable">
		<sql name="getselectDownloadTableByAgreementAll">
			<![CDATA[
				select agreement.*, filepath, attachment.id as attachmentid,
				(select sum(agreementfinedetail.amt_bond_plan) from agreementfinedetail where agreement.id = agreementfinedetail.parentid) as ar_sum_bond,
				(select sum(agreementfinedetail.amt_bond_fix) from agreementfinedetail where agreement.id = agreementfinedetail.parentid) as actual_sum_bond
				from agreement
				left join attachment on agreement.id = attachment.agreementid
				where @{filter}
					and (agreement.province in (select cnname as province  from province where @{userProvince}) or agreement.province is null OR agreement.province = '')
				and @{agreementproductgroup}
			]]>
		</sql>
	</dataSpace>
	
</sqls>
