<?xml version="1.0" encoding="UTF-8"?>
<!DOCTYPE sql PUBLIC "sql" "../config/sql.dtd" >

<sqls>

	<dataSpace name="default">
	
		<sql name="cutKeyfieldUniqueDetect">
			<![CDATA[
				select count(1) 
				from 
				(
					select @{keyfield} 
					from @{tempTable} 
					group by @{keyfield} 
						having count(*) > 1
				) a
			]]>
		</sql>
		
		<sql name="emptyTempTable">
			<![CDATA[
				truncate table @{tempTable}
			]]>
		</sql>
		
		<sql name="transferAll">
			<![CDATA[
				insert into @{stdTable} (@{fieldNames})
				select @{fieldNames} from @{tempTable}
			]]>
		</sql>
		
		<sql name="deleteByFilter">
			<![CDATA[
				delete from @{stdTable} where @{filterFieldVaues}
			]]>
		</sql>
		
		<sql name="deleteAll">
			<![CDATA[
				truncate table @{stdTable}
			]]>
		</sql>		

		<sql name="updateExists">
			<![CDATA[
				update @{stdTable} set @{updateFieldPairs}
				from @{stdTable} inner join @{tempTable} on @{keyFieldPairs} 
				
			]]>
		</sql>
		
<!-- 		<sql name="updateExists">
			<![CDATA[
				update @{stdTable} inner join @{tempTable} on @{keyFieldPairs} 
				set @{updateFieldPairs}
			]]>
		</sql> -->
		
		<sql name="insertAppend">
			<![CDATA[
				insert into @{stdTable} (@{insertFieldNames})
				select @{insertValueFieldNames} from @{tempTable} where not exists (
					select 1 from @{stdTable} where @{keyFieldPairs}
				)
			]]>
		</sql>

		<sql name="hardDeleteNotExists">
			<![CDATA[
				delete from @{stdTable} where not exists (
					select 1 from @{tempTable} where @{keyFieldPairs}
				) and @{filterFieldVaues}
			]]>
		</sql>	
		
		<sql name="softDeleteNotExists">
			<![CDATA[
				update @{stdTable} set @{stdTable}.delflag = 'T' where not exists (
					select 1 from @{tempTable} where @{keyFieldPairs}
				) and @{filterFieldVaues}
			]]>
		</sql>
		
	
	</dataSpace>

</sqls>
