<?xml version="1.0" encoding="UTF-8"?>
<!DOCTYPE sql PUBLIC "sql" "../config/sql.dtd" >

<sqls>

	<dataSpace name="default">

		<sql name="cutKeyfieldUniqueDetect">
			<![CDATA[
				select count(1) 
				from 
				(
					select @{keyfield} 
					from @{tempTable} 
					group by @{keyfield} 
						having count(*) > 1
				) a
			]]>
		</sql>

		<sql name="emptyTempTable">
			<![CDATA[
				truncate table @{tempTable}
			]]>
		</sql>

		<sql name="transferAll">
			<![CDATA[
				insert into @{toTable} (@{insertToFieldnames})
				select @{distinct} @{insertFromFieldnames} from @{fromTable}
			]]>
		</sql>

		<sql name="deleteByFilter">
			<![CDATA[
				delete from @{toTable} where @{filterFieldValues}
			]]>
		</sql>

		<sql name="deleteAll">
			<![CDATA[
				truncate table @{toTable}
			]]>
		</sql>

		<sql name="updateExists">
			<![CDATA[
				update @{toTable} set @{updateFieldPairs} from @{toTable} inner join (
                select @{distinct} @{updateFromFieldnames} from @{fromTable}
        		)@{fromTable} on @{keyFieldPairs}
			]]>
		</sql>

		<sql name="insertAppend">
			<![CDATA[
				insert into @{toTable} (@{insertToFieldnames})
				select @{distinct} @{insertFromFieldnames} from @{fromTable} where not exists (
					select 1 from @{toTable} where @{keyFieldPairs}
				)
			]]>
		</sql>

		<sql name="hardDeleteNotExists">
			<![CDATA[
				delete from @{toTable} where not exists (
					select 1 from @{fromTable} where @{keyFieldPairs}
				) and @{filterFieldValues}
			]]>
		</sql>

		<sql name="softDeleteNotExists">
			<![CDATA[
				update @{toTable} set @{toTable}.delflag = 'T' where not exists (
					select 1 from @{fromTable} where @{keyFieldPairs}
				) and @{filterFieldValues}
			]]>
		</sql>

		<sql name="getFileIOList">
			<![CDATA[
               select distinct code from @{tableName} where active = 'T' order by code
            ]]>
		</sql>

		<sql name="getFileIOItemList">
			<![CDATA[
               select * from @{tableName} where active = 'T' order by code
             ]]>
		</sql>

		<sql name="getMappingList">
			<![CDATA[
               select * from @{tableName} where (active = 'T' or active is null) order by name
             ]]>
		</sql>

		<sql name="getMappingDetails">
			<![CDATA[
               select * from @{tableName} where (active = 'T' or active is null) order by parentid
            ]]>
		</sql>

		<sql name="getIOItemHandlerList">
			<![CDATA[
                select * from @{tableName} where itemid is not null and active = 'T' order by itemid, no asc
            ]]>
		</sql>

		<sql name="getFileIOHandlerList">
			<![CDATA[
               select * from @{tableName} where iocode is not null and active = 'T' order by iocode, no asc
            ]]>
		</sql>

	</dataSpace>

</sqls>
