<?xml version="1.0" encoding="UTF-8"?>
<!DOCTYPE sql PUBLIC "sql" "../config/sql.dtd" >

<sqls>

	<dataSpace name="occupy">
		<sql name="refreshSalesflowQccupy">
			<![CDATA[
				update generalrebatebook set 
					qty_used = ( 
						select COALESCE (SUM(qty), 0) from rebateslit left join rebatedetail on rebateslit.id = rebatedetail.parentid
						where rebatedetail.flowid = generalrebatebook.id
							and rebateslit.statuscode = 'open'
					), 
					qty_book = (
						select COALESCE (SUM(qty), 0) from rebateslit left join rebatedetail on rebateslit.id = rebatedetail.parentid
						where rebatedetail.flowid = generalrebatebook.id
							and rebateslit.statuscode = 'commit'					
					), 
					qty_available = qty_total - ( 
						select COALESCE (SUM(qty), 0) from rebateslit left join rebatedetail on rebateslit.id = rebatedetail.parentid
						where rebatedetail.flowid = generalrebatebook.id
							and rebateslit.statuscode = 'open'
					) - (
						select COALESCE (SUM(qty), 0) from rebateslit left join rebatedetail on rebateslit.id = rebatedetail.parentid
						where rebatedetail.flowid = generalrebatebook.id
							and rebateslit.statuscode = 'commit'					
					)
				where exists (
					select 1 from rebatedetail where rebatedetail.parentid = '@{rebateid}'
						and rebatedetail.flowid = generalrebatebook.id
				)
			]]>
		</sql>
		
	</dataSpace>
	
	<dataSpace name="book">
		<sql name="inspectFeeResubmit">
			<![CDATA[
				SELECT * 
				from feeslit 
				where statuscode='open' and rebateid = '@{rebateid}'
			]]>
		</sql>
		
		<sql name="writeFlowFeeBook">
			<![CDATA[
				INSERT INTO flowfeebook (
					id,YEAR,MONTH,
					customerid,customercode,customername,
					typecode,type,
					payeeid,payeecode,payeename,
					rebateid,rebateno, feeid,feeno,
					amt_debit
				) SELECT
					(replace(newid(), '-', '')),
					a.docyear,a.docmonth,
					a.agentid,a.agentcode,a.agentname,
					a.typecode,a.type,
					a.csoid, a.cspcode, a.cspname,
					a.rebateid, a.rebateno, a.id, a.no,
					a.amt_debit
				FROM
					(
						SELECT feeslit.* , csolist.id as csoid, csolist.cspcode, csolist.cspname, feedetail.amt as amt_debit
						from feeslit 
						LEFT JOIN feedetail on feeslit.id = feedetail.parentid
						LEFT JOIN csolist on feedetail.customerid = csolist.id
						where feeslit.id = '@{slitid}'
					) a
			]]>
		</sql>
		
		<sql name="getMyFlowfeebook">
			<![CDATA[
				SELECT flowfeebook.*, csolist.province,feedetail.amt_other, feedetail.fine_rate, feedetail.remark_other 
				from flowfeebook 
				LEFT JOIN customer on flowfeebook.customerid = customer.id
				LEFT JOIN csolist on flowfeebook.payeeid = csolist.id 
				LEFT JOIN rebateslit on flowfeebook.rebateid = rebateslit.id
				LEFT JOIN feeslit on flowfeebook.feeid = feeslit.id
				LEFT JOIN feedetail on flowfeebook.feeid = feedetail.parentid and flowfeebook.payeeid = feedetail.customerid
				where csolist.province in (select cnname as province  from province where @{userProvince})
			
			]]>
		</sql>
		
		<sql name="getMyGeneralFeeBook">
			<![CDATA[
				SELECT * from v_generalfeebook
			]]>
		</sql>
		
		<sql name="upflowfeebookBytime_payment">
			<![CDATA[
				UPDATE flowfeebook set time_payment = null where id = '@{id}'
			]]>
		</sql>
		
		<sql name="upflowfeebookByisconfirm">
			<![CDATA[
				UPDATE flowfeebook set isconfirm = '@{isconfirm}' where id = '@{id}'
			]]>
		</sql>
		
	</dataSpace>
</sqls>
