<?xml version="1.0" encoding="UTF-8"?>
<!DOCTYPE sql PUBLIC "sql" "../config/sql.dtd" >

<sqls>

	<dataSpace name="getList">
		<sql name="getFeeCsoList">
			<![CDATA[
				SELECT
					csolist.agentname,
					csolist.cspname,
					count(1) repeat
				FROM
					feedetail
				LEFT JOIN csolist ON customerid = csolist.id
				WHERE
					parentid = '@{id}'
				GROUP BY csolist.agentname, csolist.cspname
				HAVING  count(1) > 1
			]]>
		</sql>
		
		<sql name="getQtyOutOfRange">
			<![CDATA[
				SELECT
					rebatedetail.id,
					rebatedetail.flowid,
					rebatedetail.price_rebate,
					rebatedetail.flowyear,
					rebatedetail.flowmonth,
					rebatedetail.qty_original,
					rebatedetail.qty,
					rebatedetail.amt,
					customer.code AS customercode,
					customer.name AS customername,
					product.name AS productname,
					product.spec,
					generalrebatebook.qty_available,
					generalrebatebook.docno,
					generalrebatebook.price_doc,
					generalrebatebook.amt_doc
				FROM
					rebatedetail
				LEFT JOIN customer ON customerid = customer.id
				LEFT JOIN generalrebatebook ON flowid = generalrebatebook.id
				LEFT JOIN product ON rebatedetail.productid = product.id
				WHERE
					rebatedetail.parentid = '@{id}'
				and rebatedetail.qty > generalrebatebook.qty_available
			]]>
		</sql>
	
		<sql name="getModifiedApprove">
			<![CDATA[
				select agreement.*
				from agreement
				where agreement.originalid = '@{originalid}'
					and statuscode <> 'close'
			]]>
		</sql>
		
		<sql name="getNegoNotTimeList">
			<![CDATA[
				select agreementfinedetail.*
				from agreementfinedetail
				left join agreement on agreementfinedetail.parentid = agreement.id
				where agreement.id = '@{id}'
					and amt_negotiation is not null 
					and (
						negobegindate < agreement.begindate
						or negoenddate > agreement.enddate
					)
			]]>
		</sql>
		
		<sql name="getThisRepeatProduct">
			<![CDATA[
				SELECT productid, productname, spec, count(1) repeat 
				from agreementfinedetail  
				where parentid='@{id}' 
				and EXISTS (
					SELECT
						1
					FROM
						agreement
					WHERE
						agreement.id = agreementfinedetail.parentid
					AND agreement.typecode = 'PurchaseAndSale'
				)
				GROUP BY productid, productname, spec HAVING  count(1) > 1
			]]>
		</sql>
		
		<sql name="getThisRepeatQTYFine">
			<![CDATA[
				SELECT customerid, productid, customername, productname, spec, count(1) repeat from agreementqtydetail  
				where parentid='@{id}'
				GROUP BY customerid, productid, customername, productname, spec HAVING  count(1) > 1
			]]>
		</sql>
		
		<sql name="getDetectionQTYMonth">
			<![CDATA[
				select * from agreementqtydetail 
				where parentid='@{id}' and @{monthqtyfilter}
			]]>
		</sql>
		
		<sql name="getIsNego">
			<![CDATA[
				select count(1) as cnt_nogo from agreementfinedetail where parentid = '@{parentid}' and amt_negotiation is not null
			]]>
		</sql>
		
		<sql name="getMonth_proportion">
			<![CDATA[
			select * from month_proportion
			]]>
		</sql>
		
		<sql name="getFineByScope">
			<![CDATA[
			select *
			from agreementfinedetail
			where parentid = '@{parentid}'
			]]>
		</sql>
	
		<sql name="getCsoList_agent">
			<![CDATA[
			select *
			from csolist
			where @{filter} 
			]]>
		</sql>
		
		<sql name="getCsoList_agentByfeedetail">
			<![CDATA[
			SELECT * FROM
				csolist
			WHERE
				agentid = @{agentid}
			AND NOT EXISTS (
				SELECT
					*
				FROM
					feedetail
				WHERE
					csolist.id = feedetail.customerid
				AND feedetail.parentid = @{parentid}
			)
			]]>
		</sql>
		
		<sql name="getFlowtable">
			<![CDATA[
			select flowtable.*, product.code as productcode, product.name as productname
			from flowtable
				left join product on product.id = flowtable.productid
			where @{filter} 
			]]>
		</sql>
		
		<!-- <sql name="getFlowslit">
			<![CDATA[
			select flowslit.*, product.code as productcode, product.name as productname
			from flowslit
				left join product on product.id = flowslit.productid
			where @{filter} 
			]]>
		</sql> -->
		
		<sql name="getTerritory">
			<![CDATA[
			select hierarchy.name as positionname, customer.province, customer.city, customer.name as customername, customer.code as customercode, brand.name as brandname from 
			(select * from territory where  position in (select position from hiryflat where @{filter})) terr
			left join hierarchy on terr.position = hierarchy.position
			left join customer on terr.customerid = customer.id
			left join brand on terr.brandid = brand.id
			]]>
		</sql>

	</dataSpace>	
		
	<dataSpace name="salesflow">
		<sql name="getSalesflowOption">
			<![CDATA[
			select salesflow.customercode as optionval, salesflow.customername as optionhtml from salesflow 
			]]>
		</sql>
		
		<sql name="getSalesflow">
			<![CDATA[
				select * from salesflow  where @{filter} and typecode<>'PurchaseAndSale'
			]]>
		</sql>
		<sql name="getSalesflow_doc">
			<![CDATA[
				select * from salesflow  where @{filter} and typecode='PurchaseAndSale'
			]]>
		</sql>
	</dataSpace>
	
	<dataSpace name="application">
		<sql name="getAgreementList_Apply">
			<![CDATA[
				select agreement.*, act_hi_actinst.ACT_NAME_, aa.membername, g.groupname
				from agreement
				LEFT JOIN act_hi_actinst 
					ON agreement.workflowid = act_hi_actinst.PROC_INST_ID_
					AND (act_hi_actinst.END_TIME_ = '' OR act_hi_actinst.END_TIME_ IS NULL)
					AND act_hi_actinst.ACT_TYPE_ <> 'exclusiveGateway'
				LEFT JOIN (
					SELECT
						act.*, act_member.*
					FROM
						act_hi_actinst act
					LEFT JOIN act_member ON act.ACT_ID_ = act_member.entitle
					WHERE
						act.ACT_TYPE_ <> 'exclusiveGateway'
					AND (
						act.END_TIME_ = ''
						OR act.END_TIME_ IS NULL
					)
				) aa ON agreement.workflowid = aa.PROC_INST_ID_
				AND agreement.operatorid = aa.initiatorid
				LEFT JOIN (SELECT
						product_group.*, product_mapping_role.userid
					FROM
						product_mapping_role
					LEFT JOIN product_group ON product_group.id = product_mapping_role.groupid
				) g on agreement.operatorid = g.userid
				
				where @{filter} and operatorid in (@{children}) 
			]]>
		</sql>
		
		<sql name="getAgreementList_Apply_notOperator">
			<![CDATA[
				select agreement.*, act_hi_actinst.ACT_NAME_, aa.membername
				from agreement
				LEFT JOIN act_hi_actinst 
					ON agreement.workflowid = act_hi_actinst.PROC_INST_ID_
					AND (act_hi_actinst.END_TIME_ = '' OR act_hi_actinst.END_TIME_ IS NULL)
					AND act_hi_actinst.ACT_TYPE_ <> 'exclusiveGateway'
				LEFT JOIN (
					SELECT
						act.*, act_member.*
					FROM
						act_hi_actinst act
					LEFT JOIN act_member ON act.ACT_ID_ = act_member.entitle
					WHERE
						act.ACT_TYPE_ <> 'exclusiveGateway'
					AND (
						act.END_TIME_ = ''
						OR act.END_TIME_ IS NULL
					)
				) aa ON agreement.workflowid = aa.PROC_INST_ID_
				AND agreement.operatorid = aa.initiatorid
				where @{filter}
				and (agreement.province in (select cnname as province  from province where @{userProvince}) or agreement.province is null OR agreement.province = '')
				and @{agreementproductgroup}
			]]>
		</sql>
		
		<sql name="getAgreementList">
			<![CDATA[
				select agreement.*
				from agreement
				where @{filter} and operatorid in (@{children}) 
					and (agreement.province in (select cnname as province  from province where @{userProvince}) or agreement.province is null)
			]]>
		</sql>
		
		<sql name="getAgreementManageList">
			<![CDATA[
				select agreement.*, filepath, attachment.id as attachmentid,
				(select sum(agreementfinedetail.amt_bond_plan) from agreementfinedetail where agreement.id = agreementfinedetail.parentid) as ar_sum_bond,
				(select sum(agreementfinedetail.amt_bond_fix) from agreementfinedetail where agreement.id = agreementfinedetail.parentid) as actual_sum_bond
				from agreement
				left join attachment on agreement.id = attachment.agreementid
				where @{filter} and statuscode='open' and operatorid in (@{children})
					and (agreement.province in (select cnname as province  from province where @{userProvince}) or agreement.province is null)
			]]>
		</sql>
		
		<sql name="getAgreementManageListByProvince">
			<![CDATA[
				select agreement.*, filepath, attachment.id as attachmentid,
				(select sum(agreementfinedetail.amt_bond_plan) from agreementfinedetail where agreement.id = agreementfinedetail.parentid) as ar_sum_bond,
				(select sum(agreementfinedetail.amt_bond_fix) from agreementfinedetail where agreement.id = agreementfinedetail.parentid) as actual_sum_bond
				from agreement
				left join attachment on agreement.id = attachment.agreementid
				where @{filter} and statuscode='open'
					and (agreement.province in (select cnname as province  from province where @{userProvince}) or agreement.province is null)
				and @{agreementproductgroup}
				and agreement.typecode <> 'SelfSale'
			]]>
		</sql>
		
		<sql name="getAgreementManageListByProvinceALL">
			<![CDATA[
				select agreement.*, filepath, attachment.id as attachmentid,
				(select sum(agreementfinedetail.amt_bond_plan) from agreementfinedetail where agreement.id = agreementfinedetail.parentid) as ar_sum_bond,
				(select sum(agreementfinedetail.amt_bond_fix) from agreementfinedetail where agreement.id = agreementfinedetail.parentid) as actual_sum_bond
				from agreement
				left join attachment on agreement.id = attachment.agreementid
				where @{filter} and statuscode='open'
					and (agreement.province in (select cnname as province  from province where @{userProvince}) or agreement.province is null)
				and @{agreementproductgroup}
			]]>
		</sql>
		
		<sql name="onWhereByAgreement">
			<![CDATA[
				select agreement.*
				from agreement
				where businessid='@{businessid}' and agentid='@{agentid}' and (statuscode <> 'input' or statuscode<> 'close')
			]]>
		</sql>
		
		<sql name="getNegoAgreementList">
			<![CDATA[
				select agreement.* 
				from agreement 
				where @{filter} and statuscode <> 'input' and agreement.id in (SELECT parentid from agreementfinedetail where amt_negotiation > 0 and negotiationtypecode  is not null)
			]]>
		</sql>
		
		<sql name="getBondAgreementListByPaymentorg">
			<![CDATA[
				select agreement.*, 
				(select sum(agreementfinedetail.amt_bond_plan) from agreementfinedetail where agreement.id = agreementfinedetail.parentid) as ar_sum_bond,
				(select sum(agreementfinedetail.amt_bond_fix) from agreementfinedetail where agreement.id = agreementfinedetail.parentid) as actual_sum_bond
				from agreement 
				where 
				agreement.id in (select DISTINCT parentid from agreementfinedetail where paymentorg like '%@{paymentorg_filter}%') 
				and @{filter} and statuscode='open' and (agreement.typecode = 'PurchaseAndSale' or agreement.typecode = 'Agency')
				and agreement.province in (select cnname as province from province where @{userProvince})
			]]>
		</sql>
		
		<sql name="getBondAgreementList">
			<![CDATA[
				select agreement.*, 
				(select sum(agreementfinedetail.amt_bond_plan) from agreementfinedetail where agreement.id = agreementfinedetail.parentid) as ar_sum_bond,
				(select sum(agreementfinedetail.amt_bond_fix) from agreementfinedetail where agreement.id = agreementfinedetail.parentid) as actual_sum_bond
				from agreement 
				where 
				agreement.id in (select DISTINCT parentid from agreementfinedetail where 1=1) 
				and @{filter} and statuscode='open' and (agreement.typecode = 'PurchaseAndSale' or agreement.typecode = 'Agency')
				and agreement.province in (select cnname as province from province where @{userProvince})
			]]>
		</sql>
	</dataSpace>
	
	<dataSpace name="agreement">
		<sql name="getAgreementFineDetail_product">
			<![CDATA[
			select agreementfinedetail.price_invoice, product.*
			from agreementfinedetail
			left join product on product.id = agreementfinedetail.productid
			where parentid = '@{parentid}' and @{filter} 
			]]>
		</sql>
		
		<sql name="getAgreementFineDetail">
			<![CDATA[
			select agreementfinedetail.*
			from agreementfinedetail
			where parentid = '@{parentid}' and @{filter} 
			]]>
		</sql>
		
		<sql name="getAgencyAgreementFineDetail">
			<![CDATA[
			select agreementfinedetail.*,
				agreementfinedetail.id as agreementfinedetailid,
				agreementqtydetail.id as agreementqtydetailid,
				agreementqtydetail.level,
				agreementqtydetail.grade,
				 agreementqtydetail.qty1, agreementqtydetail.qty2, 
				agreementqtydetail.qty3, agreementqtydetail.qty4, agreementqtydetail.qty5, agreementqtydetail.qty6, 
				agreementqtydetail.qty7, agreementqtydetail.qty8, agreementqtydetail.qty9, agreementqtydetail.qty10, 
				agreementqtydetail.qty11, agreementqtydetail.qty12, agreementqtydetail.qty
			from agreementfinedetail
			left join agreementqtydetail on agreementfinedetail.parentid = agreementqtydetail.parentid and agreementfinedetail.linkedid = agreementqtydetail.linkedid
			where agreementfinedetail.parentid = '@{parentid}'
			ORDER BY agreementfinedetail.customername
			]]>
		</sql>
		
		<sql name="getSelfSaleAgreementFineDetail">
			<![CDATA[
			select agreementfinedetail.*, customer.grade, customer.level, dictionary.value as negotiationtype
			from agreementfinedetail
			left join customer on agreementfinedetail.customerid = customer.id
			left join dictionary on agreementfinedetail.negotiationtypecode = dictionary.code and dictionary.groupcode='negotype'
			where agreementfinedetail.parentid = '@{parentid}' 
			ORDER BY agreementfinedetail.customername
			]]>
		</sql>
		
		<sql name="getAgreementQTYDetail">
			<![CDATA[
			select agreementqtydetail.* from agreementqtydetail
			where parentid = '@{parentid}'
			ORDER BY agreementqtydetail.customername
			]]>
		</sql>
		
		<sql name="getAgreementQtyDetailByFineDetailId">
			<![CDATA[
			select agreementqtydetail.* 
			from agreementqtydetail 
			where parentid = '@{parentid}' and 
			productid in (SELECT productid from agreementfinedetail where id='@{finedetailid}')
			]]>
		</sql>
		
		<sql name="getApplicationTemplatePath">
			<![CDATA[
			select url from applicationtemplate where code = '@{code}'
			]]>
		</sql>
	</dataSpace>
	
	<dataSpace name="approve">
		<sql name="updateTableStatusCodeById">
			<![CDATA[
			update @{tablename} set statuscode = '@{statuscode}' where id = '@{id}'
			]]>
		</sql>
		
		<sql name="getAgreementApproveMultiple">
			<![CDATA[
			select * from agreement
			where workflowid in(
				select distinct RES.PROC_INST_ID_ from ACT_RU_TASK RES 
				where RES.ASSIGNEE_ is null and RES.TASK_DEF_KEY_ in ( 
					SELECT GROUP_ID_ FROM act_id_membership WHERE  USER_ID_ = '@{userid}' 
				)
			)
			and agreement.province in (select cnname as province from province where @{userProvince})
			and @{filter} 
			and @{agreementproductgroup}
			]]>
		</sql>
		
		<sql name="getAgreementApprove">
			<![CDATA[
			SELECT * FROM agreement
			WHERE workflowid IN(
			select distinct RES.PROC_INST_ID_ 
			from ACT_RU_TASK RES 
			inner join ACT_RU_IDENTITYLINK I on I.TASK_ID_ = RES.ID_ 
			WHERE RES.ASSIGNEE_ is null and I.TYPE_ = 'candidate' 
			and ( I.GROUP_ID_ IN 
			( SELECT GROUP_ID_ FROM act_id_membership WHERE  USER_ID_ = '@{userid}' ) ) 
			and RES.SUSPENSION_STATE_ = 1 
			) and operatorid in (@{children}) and agreement.province in (select cnname as province from province where @{userProvince})
			and @{filter} 

			]]>
		</sql>
		
		<sql name="getRebateApprove">
			<![CDATA[
			SELECT *, (select sum(rebatedetail.qty) from rebatedetail where rebatedetail.parentid = rebateslit.id) as qty_sum,
			(select sum(rebatedetail.price_rebate) from rebatedetail where rebatedetail.parentid = rebateslit.id) as sumprice_rebate 
			FROM rebateslit
			WHERE workflowid IN(
			select distinct RES.PROC_INST_ID_ 
			from ACT_RU_TASK RES 
			inner join ACT_RU_IDENTITYLINK I on I.TASK_ID_ = RES.ID_ 
			WHERE RES.ASSIGNEE_ is null and I.TYPE_ = 'candidate' 
			and ( I.GROUP_ID_ IN 
			( SELECT GROUP_ID_ FROM act_id_membership WHERE  USER_ID_ = '@{userid}' ) ) 
			and RES.SUSPENSION_STATE_ = 1 
			)
			and @{filter} 
			and @{rebateproductgroup}
			]]>
		</sql>
		
		<sql name="getRebateslitLine">
			<![CDATA[
				SELECT *, 
				(select sum(rebatedetail.qty) from rebatedetail where rebatedetail.parentid = rebateslit.id) as qty_sum,
				(select sum(rebatedetail.price_rebate) from rebatedetail where rebatedetail.parentid = rebateslit.id) as sumprice_rebate 
				FROM rebateslit
				WHERE id = '@{id}'
			]]>
		</sql>
	</dataSpace>
	
	<dataSpace name="flowList">
 	
		<sql name="getMyAgentList" > 
			select distinct customer.id as agentId, customer.name as agentName, customer.* 
			from customerAngent
			LEFT JOIN customer on customerAngent.agentid = customer.id
			where position in (SELECT position from v_hierarchy where id = '@{userid}' or parentid = '@{userid}') and typecode = 'agent' and @{filter}
		</sql>

		<!-- <sql name="getMyAgentQTYList">		
			<![CDATA[
				select v_rebatebooksummary.*, 
					agent.id AS agentid, agent.name AS agentname, agent.code AS agentcode,
					customer.name AS customerName, customer.code AS customerCode,
					product.name AS productName, product.code AS productCode
				from v_rebatebooksummary
				left join customerAngent
					on customerAngent.customerId = v_rebatebooksummary.customerid
						and customerAngent.productId = v_rebatebooksummary.productid
				left join customer agent ON customerAngent.agentid = agent.id
				left join customer ON customerAngent.customerid = customer.id
				left join product ON customerAngent.productid = product.id
				where customerAngent.POSITION = (
					SELECT position from v_hierarchy where id = '@{userid}'
				) and @{filter} and (customerAngent.agentid is not null or customerAngent.agentid <> '')
				and (v_rebatebooksummary.customerid is not null or v_rebatebooksummary.customerid <> '')
				and v_rebatebooksummary.typecode = '@{typecode}'
			]]>		
		</sql> -->
		
		<sql name="getMyQTYList">		
			<![CDATA[
				SELECT
					v_rebatebooksummary.*, temp_v_customerangent.province,
					temp_v_customerangent.agentid,
					temp_v_customerangent.agentname,
					temp_v_customerangent.agentcode
				FROM
					v_rebatebooksummary
				INNER JOIN (
					SELECT DISTINCT agentid,
						province, agentname, agentcode
					FROM
						v_customerangent
					WHERE
						v_customerangent.province in (select cnname as province  from province where @{userProvince})
					AND @{filter}
					AND (
						v_customerangent.agentid IS NOT NULL
						OR v_customerangent.agentid <> ''
					)
				) temp_v_customerangent ON temp_v_customerangent.agentid = v_rebatebooksummary.rebate_agentid
				WHERE
				v_rebatebooksummary.typecode = '@{typecode}'
				and v_rebatebooksummary.productgroupid = '@{productgroupid}'
			]]>		
		</sql>
<!-- 		<sql name="getMyQTYList20180416">		
			<![CDATA[
				SELECT
					v_rebatebooksummary.*, temp_v_customerangent.province,
					temp_v_customerangent.agentid,
					temp_v_customerangent.agentname,
					temp_v_customerangent.agentcode
				FROM
					v_rebatebooksummary
				INNER JOIN (
					SELECT DISTINCT agentid,
						province, agentname, agentcode
					FROM
						v_customerangent
					WHERE
						v_customerangent.operatorid = '@{userid}'
					AND @{filter}
					AND (
						v_customerangent.agentid IS NOT NULL
						OR v_customerangent.agentid <> ''
					)
				) temp_v_customerangent ON temp_v_customerangent.agentid = v_rebatebooksummary.rebate_agentid
				WHERE
				v_rebatebooksummary.typecode = '@{typecode}'
			]]>		
		</sql> -->
<!-- 		<sql name="getMyQTYList">		
			<![CDATA[
				SELECT
					v_rebatebooksummary.*, 
					v_customerangent.province,
					v_customerangent.agentid,
					v_customerangent.agentname,
					v_customerangent.agentcode
					
				
				FROM
					v_rebatebooksummary
				LEFT JOIN v_customerangent ON v_customerangent.agentid = v_rebatebooksummary.rebate_agentid
				
				WHERE
				v_customerangent.operatorid = '@{userid}'
				and
					@{filter}
				AND (
					v_customerangent.agentid IS NOT NULL
					OR v_customerangent.agentid <> ''
				)
				AND v_rebatebooksummary.typecode = '@{typecode}'
			]]>		
		</sql> -->
		
		<sql name="getMyPurchaseAndSaleQTYList">		
			<![CDATA[
				select v_rebatebooksummary_PurchaseAndSale.*, 
					agent.id AS agentid, agent.name AS agentname, agent.code AS agentcode
				from v_rebatebooksummary_PurchaseAndSale
				left join customerAngent
					on customerAngent.docno = v_rebatebooksummary_PurchaseAndSale.docno
				left join customer agent ON customerAngent.agentid = agent.id
				where customerAngent.POSITION = (
					SELECT position from v_hierarchy where id = '@{userid}'
				) and @{filter} and (customerAngent.agentid is not null or customerAngent.agentid <> '')
				and v_rebatebooksummary_PurchaseAndSale.typecode = '@{typecode}'
			]]>		
		</sql>
		
		<sql name="getMyAgentQTYList_bak"> 
			<![CDATA[
				SELECT examine.*, (available.sum_qty_top + examine.qty_available) as sum_qty_available, available.sum_qty_top
				from 
					(SELECT customerAngent.* , SUM(generalrebatebook.qty_available) as sum_qty_top
						from  (select agent.id as agentId, agent.name as agentName,
							customer.id as customerId, customer.name as customerName, 
							product.id as productId, product.name as productName
							from customerAngent
							LEFT JOIN customer agent on customerAngent.agentid = agent.id
							LEFT JOIN customer on customerAngent.customerid = customer.id
							LEFT JOIN product on customerAngent.productid = product.id
							where customerAngent.position = (SELECT position from v_hierarchy where id = '@{userid}')
						) customerAngent 
					LEFT JOIN generalrebatebook 
					on customerAngent.agentId = generalrebatebook.dealerid 
					and customerAngent.customerId = generalrebatebook.customerid 
					and customerAngent.productId = generalrebatebook.productid
				where (year=@{year} and month < @{month}) or year < @{year} and qty_available > 0 and qty_available is not null
				) available
				LEFT JOIN
				(SELECT customerAngent.* , SUM(generalrebatebook.qty_original) as sum_qty_original, generalrebatebook.qty_available
					from  (select agent.id as agentid, agent.name as agentname, agent.code as agentcode,
						customer.id as customerId, customer.name as customerName, customer.code as customerCode,
						product.id as productId, product.name as productName, product.code as productCode
						from customerAngent
						LEFT JOIN customer agent on customerAngent.agentid = agent.id
						LEFT JOIN customer on customerAngent.customerid = customer.id
						LEFT JOIN product on customerAngent.productid = product.id
						where customerAngent.position = (SELECT position from v_hierarchy where id = '@{userid}')
					) customerAngent 
					LEFT JOIN generalrebatebook 
					on customerAngent.agentid = generalrebatebook.dealerid 
					and customerAngent.customerId = generalrebatebook.customerid 
					and customerAngent.productId = generalrebatebook.productid
					where year=@{year} and month=@{month} and qty_original is not null
				) examine
				
				on examine.agentid = available.agentId 
				and examine.customerId = available.customerId
				and examine.productId = available.productId
				where @{filter}
			]]>
		</sql>
		
		<sql name="getMyCustomerQTYList_SelfSale"> 
			<![CDATA[
				SELECT
					v_generalrebatebook.*, 
					v_generalrebatebook. YEAR AS flowyear,
					v_generalrebatebook. MONTH AS flowmonth,
					rebatedetail.id AS rebatedetailid,
					v_customerAngent.province
				FROM
					v_generalrebatebook
				LEFT JOIN v_customerAngent ON v_generalrebatebook.agreementfinedetailid = v_customerAngent.agreementfinedetailid
				LEFT JOIN rebateDetail ON v_generalrebatebook.id = rebatedetail.flowid
				AND rebatedetail.parentid = '@{rebateslitid}'
				WHERE
					@{province}
				AND v_customerAngent.province in (select cnname as province from province where @{userProvince})
				AND qty_available > 0
			]]>
		</sql>
		
		<sql name="getMyCustomerQTYList_PurchaseAndSale"> 
			<![CDATA[
				SELECT
					v_generalrebatebook.*, 
					v_generalrebatebook. YEAR AS flowyear,
					v_generalrebatebook. MONTH AS flowmonth,
					rebatedetail.id AS rebatedetailid,
					v_customerAngent.province
				FROM
					v_generalrebatebook
				LEFT JOIN v_customerAngent ON v_generalrebatebook.agreementfinedetailid = v_customerAngent.agreementfinedetailid
				LEFT JOIN rebateDetail ON v_generalrebatebook.id = rebatedetail.flowid
				AND rebatedetail.parentid = '@{rebateslitid}'
				WHERE
					v_customerAngent.agentid = '@{agentid}' 
				AND v_customerAngent.province in (select cnname as province from province where @{userProvince})
				AND qty_available > 0
				AND v_generalrebatebook.docno = '@{docno}'

			]]>
		</sql>
<!-- 		<sql name="getMyCustomerQTYList_PurchaseAndSale"> 
			<![CDATA[
				select generalrebatebook.*, generalrebatebook.year as flowyear, generalrebatebook.month as flowmonth,
					customer.code as customerCode, customer.name as customerName, 
					customerAngent.agentid, agent.code as agentCode, agent.name as agentName,
					customerAngent.generalagent,
					product.code as productCode, product.name as productName, product.spec,
					rebatedetail.id as rebatedetailid
				from generalrebatebook
				left join customer on generalrebatebook.customerid = customer.id
				left join customerAngent on generalrebatebook.docno = customerAngent.docno 
				left join customer agent on customerAngent.agentid = agent.id
				left join product on generalrebatebook.productid = product.id
				left join rebateDetail on generalrebatebook.id = rebatedetail.flowid 
					and rebatedetail.parentid = '@{rebateslitid}'
				where 
					customerAngent.agentid = '@{agentid}' 
					and customerAngent.position = '@{userid}'
					and qty_available > 0  
					and generalrebatebook.docno = '@{docno}'
			]]>
		</sql> -->
		
		<sql name="getMyCustomerQTYList_Agency"> 
			<![CDATA[
				SELECT
					v_generalrebatebook.*, 
					v_generalrebatebook. YEAR AS flowyear,
					v_generalrebatebook. MONTH AS flowmonth,
					rebatedetail.id AS rebatedetailid,
					v_customerAngent.province
				FROM
					v_generalrebatebook
				LEFT JOIN v_customerAngent ON v_generalrebatebook.agreementfinedetailid = v_customerAngent.agreementfinedetailid
				LEFT JOIN rebateDetail ON v_generalrebatebook.id = rebatedetail.flowid
				AND rebatedetail.parentid = '@{rebateslitid}'
				WHERE
					v_customerAngent.agentid = '@{agentid}' 
				AND v_customerAngent.province in (select cnname as province from province where @{userProvince})
				AND qty_available > 0
				AND v_generalrebatebook.month = @{month} and v_generalrebatebook.year = @{year}
			]]>
		</sql>
		<!-- <sql name="getMyCustomerQTYList_Agency"> 
			<![CDATA[
				select generalrebatebook.*, generalrebatebook.year as flowyear, generalrebatebook.month as flowmonth,
					customer.code as customerCode, customer.name as customerName, 
					v_customerAngent.agentid, v_customerAngent.agentCode, v_customerAngent.agentName,
					v_customerAngent.generalagentname,
					product.code as productCode, product.name as productName, product.spec
					rebatedetail.id as rebatedetailid
				from generalrebatebook
				left join customer on generalrebatebook.customerid = customer.id
				left join v_customerAngent on generalrebatebook.customerid = v_customerAngent.customerid and generalrebatebook.productid = v_customerAngent.productid
				left join customer agent on v_customerAngent.agentid = agent.id
				left join product on generalrebatebook.productid = product.id
				left join rebateDetail on generalrebatebook.id = rebatedetail.flowid 
					and rebatedetail.parentid = '@{rebateslitid}'
				where
					v_customerAngent.agentid = '@{agentid}' 
					and v_customerAngent.operatorid = '@{userid}'
					and qty_available > 0  
					and generalrebatebook.month = @{month} and generalrebatebook.year = @{year}
			]]>
		</sql> -->
<!-- 		<sql name="getMyCustomerQTYList_Agency"> 
			<![CDATA[
				select generalrebatebook.*, generalrebatebook.year as flowyear, generalrebatebook.month as flowmonth,
					customer.code as customerCode, customer.name as customerName, 
					customerAngent.agentid, agent.code as agentCode, agent.name as agentName,
					customerAngent.generalagent,
					product.code as productCode, product.name as productName, product.spec,
					rebatedetail.id as rebatedetailid
				from generalrebatebook
				left join customer on generalrebatebook.customerid = customer.id
				left join customerAngent on generalrebatebook.customerid = customerAngent.customerid and generalrebatebook.productid = customerAngent.productid
				left join customer agent on customerAngent.agentid = agent.id
				left join product on generalrebatebook.productid = product.id
				left join rebateDetail on generalrebatebook.id = rebatedetail.flowid 
					and rebatedetail.parentid = '@{rebateslitid}'
				where
					customerAngent.agentid = '@{agentid}' 
					and customerAngent.position = '@{userid}'
					and qty_available > 0  
					and generalrebatebook.month = @{month} and generalrebatebook.year = @{year}
			]]>
		</sql> -->
		
		<sql name="getMyCustomerQTYList"> 
			<![CDATA[
				select generalrebatebook.*, generalrebatebook.year as flowyear, generalrebatebook.month as flowmonth,
					customer.code as customerCode, customer.name as customerName, 
					customerAngent.agentid, agent.code as agentCode, agent.name as agentName,
					customerAngent.generalagent,
					product.code as productCode, product.name as productName, product.spec,
					rebatedetail.id as rebatedetailid
				from generalrebatebook
				left join customer on generalrebatebook.customerid = customer.id
				left join customerAngent on generalrebatebook.customerid = customerAngent.customerid and generalrebatebook.productid = customerAngent.productid
				left join customer agent on customerAngent.agentid = agent.id
				left join product on generalrebatebook.productid = product.id
				left join rebateDetail on generalrebatebook.id = rebatedetail.flowid 
					and rebatedetail.parentid = '@{rebateslitid}'
				where exists (
					select 1 from customerAngent where customerAngent.agentid = '@{agentid}' and customerAngent.month = '@{month}' and customerAngent.year = '@{year}'
						and customerAngent.customerid = generalrebatebook.customerid
						and customerAngent.productid = generalrebatebook.productid
				)
					and qty_available > 0  
			]]>
		</sql>
	</dataSpace>
	
	<dataSpace name="RebateList">
	    <sql name="getRebatedetailById" > 
			SELECT
				Rebatedetail.*, 
				v_generalrebatebook.price_invoice,
				v_generalrebatebook.price_lowest,
				v_generalrebatebook.rate_tax,
				v_generalrebatebook.policy,
				v_generalrebatebook.amt_negotiation,
				v_generalrebatebook.agreementid as v_agreementid,
				v_generalrebatebook.agreementfinedetailid as v_agreementfinedetailid
			FROM
				Rebatedetail
			LEFT JOIN v_generalrebatebook ON Rebatedetail.flowid = v_generalrebatebook.id
			WHERE
				parentid = '@{parentid}'
		</sql>	
	</dataSpace>
	
	<dataSpace name="feeList">
	    <sql name="getMyFeeslit" > 
			select feeslit.id, feeslit.docyear, feeslit.docmonth, feeslit.typecode,  feeslit.type, feeslit.statuscode, 
			feeslit.no, feeslit.operator, feeslit.createtime, feeslit.rebateid, feeslit.rebateNo, feeslit.workflowid, 
			customer.code as agentcode, customer.name as agentname, customer.id as agentid, 
			 (select sum(rebatedetail.price_rebate) from rebatedetail where rebatedetail.parentid = feeslit.rebateid) as amt_sum,
			 (select sum(feedetail.amt) from feedetail where feedetail.parentid = feeslit.id) as amt_sum_expend,
			 (select sum(feedetail.amt_other) from feedetail where feedetail.parentid = feeslit.id) as amt_sum_other
			from feeslit
			left join customer on agentid = customer.id 
			where feeslit.operatorid in (@{children}) and @{filter} 
		</sql>	
		
	    <sql name="getMyFeeslit_flow" > 
	    	<![CDATA[
				select feeslit.id, feeslit.docyear, feeslit.docmonth, feeslit.typecode,  feeslit.type, feeslit.statuscode, feeslit.no, feeslit.operator, 
				feeslit.createtime, feeslit.rebateid, feeslit.rebateNo, feeslit.workflowid, 
				customer.code as agentcode, customer.name as agentname, customer.id as agentid, 
				 (select sum(rebatedetail.price_rebate) from rebatedetail where rebatedetail.parentid = feeslit.rebateid) as amt_sum,
				 (select sum(feedetail.amt) from feedetail where feedetail.parentid = feeslit.id) as amt_sum_expend,
				 (select sum(feedetail.amt_other) from feedetail where feedetail.parentid = feeslit.id) as amt_sum_other
				from feeslit
				left join customer on agentid = customer.id 
				where  @{filter} and workflowid is not null and statuscode <> 'input' and statuscode <> 'open'
			]]>
		</sql>	
		
		<sql name="getFeeDetail" > 
			select feedetail.*, csolist.agentname, csolist.customername, csolist.cspname, csolist.bankname, csolist.accountno
			from feedetail
			left join feeslit on parentid = feeslit.id 
			left join csolist on customerid = csolist.id 
			where parentid = '@{parentid}' 
		</sql>	
	</dataSpace>
	
	<dataSpace name="feeListBook">
	    <sql name="getMyFeeslit_amtsum" > 
	    	select sum(aa) as sum_amt_debit, sum(bb) as sum_amt_credit, sum(cc) as sum_amt_net 
	    	from 
			(select 
				 (select sum(feedetail.amt) from feedetail where feedetail.parentid = feeslit.id) as aa,
				 0 as bb, 
				 ((select sum(feedetail.amt) from feedetail where feedetail.parentid = feeslit.id) - 0) as cc 
				from feeslit
				left join customer on agentid = customer.id 
				where feeslit.operatorid in (@{children}) and @{filter} and feeslit.statuscode='open' and feeslit.typecode=@{type}
			) dd
		</sql>	
		
	    <sql name="getMyFeeslit_sum" > 
			select feeslit.id, feeslit.docyear, feeslit.docmonth, feeslit.typecode, feeslit.statuscode, feeslit.no, feeslit.operator, feeslit.createtime, feeslit.rebateid, feeslit.rebateNo,
			customer.code as agentcode, customer.name as agentname, customer.id as agentid, 
			 (select sum(rebatedetail.price_rebate) from rebatedetail where rebatedetail.parentid = feeslit.rebateid) as amt_sum,
			 (select sum(feedetail.amt) from feedetail where feedetail.parentid = feeslit.id) as amt_sum_expend,
			 (select sum(feedetail.amt_other) from feedetail where feedetail.parentid = feeslit.id) as amt_sum_other,
			 0 as amt_credit, ((
				SELECT
					SUM (feedetail.amt)
				FROM
					feedetail
				WHERE
					feedetail.parentid = feeslit.id
			) - 0) as amt_net
			from feeslit
			left join customer on agentid = customer.id 
			where @{filter} and feeslit.statuscode='open' and feeslit.typecode=@{type}
		</sql>	
		
		<sql name="getMyRebatedetail_sum" > 
			SELECT
				rebatedetail.flowmonth, rebatedetail.qty_original, rebatedetail.qty, rebatedetail.price_rebate, rebatedetail.docno,
				agent.code as agentcode, agent.name as agentname, agent.province,
				finedetail.productname, finedetail.spec, finedetail.policy,
				customer.code as customercode, customer.name as customername,
				salesflow.platformname
			FROM
				rebatedetail
			LEFT JOIN customer agent on rebatedetail.agentid = agent.id
			LEFT JOIN customer on rebatedetail.customerid = customer.id
			LEFT JOIN salesflow on salesflow.docno = rebatedetail.docno and salesflow.customerid = rebatedetail.customerid and salesflow.productid = rebatedetail.productid 
			LEFT JOIN agreementfinedetail finedetail on rebatedetail.agreementfinedetailid = finedetail.id
			WHERE
				rebatedetail.parentid IN (
					SELECT
						rebateid
					FROM
						feeslit
					where @{filter} and feeslit.statuscode='open' and feeslit.typecode=@{type}
				) 
		</sql>	
	</dataSpace>
		
	<dataSpace name="system">
	    <sql name="getUserList" > 
			select * from employee 
		</sql>	
		
		<sql name="getTitleList" > 
			select type as title, caption as cntitle, title as entitle, rolecode  from rolemapping order by caption
		</sql>
		
	    <sql name="getOrganization" > 
			select employee.*, parent.name as parentname, usr.rolecode, usr.id as usrid
			from employee 
			left join employee parent on employee.parentid = parent.id
			left join usr on employee.id = usr.id
			where 1=1 ORDER BY employee.parentid, employee.name
		</sql>
			
	    <sql name="getRolecodeList" > 
			select rolecode as code, rolecode as name
			from roleauthority GROUP BY rolecode
		</sql>	
		
		<sql name="getemployeeid" > 
			select id , parentid
			from employee 
		</sql>	
		
		<sql name="getparentidfromemployee" > 
			select parentid
			from employee  where id = '@{id}'
		</sql>
			
		<sql name="getgrandparentidfromemployee" > 
			select grandpaid
			from employee  where id = '@{id}'
		</sql>	
		
		<sql name="updateAct_member_title" > 
			UPDATE act_member
			SET 
				act_member.entitle = employee.entitle,
				act_member.cntitle = employee.cntitle
			FROM
				act_member
			LEFT JOIN employee ON act_member.memberid = employee.id
			where act_member.entitle = '' or act_member.entitle is null
		</sql>	
		
		<sql name="updateAct_member_detail" > 
			UPDATE act_member
			SET 
				act_member.membercode = employee.code,
				act_member.membername = employee.name
			FROM
				act_member
			LEFT JOIN employee ON act_member.memberid = employee.id
			where act_member.membercode = '' or act_member.membercode is null
		</sql>	
	</dataSpace>
		
	<dataSpace name="getOther">
		<sql name="getGeneralRebateBook" > 
			select * from v_generalrebatebook where typecode = @{typecode} and @{filter} 
		</sql>
		
		<sql name="getPlatform" > 
			select customer.* from customer where typecode = 'platform' and @{filter} order by name
		</sql>
		
		<sql name="getBusinessList" > 
			select customer.* from customer where typecode = 'business' and @{filter}
		</sql>
		
		<sql name="getAgentList" > 
			select id as agentId, name as agentName, customer.* from customer where typecode = 'agent' and @{filter}
		</sql>
		
		<sql name="getCustomerList" > 
			select customer.* from customer where typecode = 'hospital' and @{filter}
		</sql>
		
		<sql name="getProvinceList" > 
			select cnname as code, cnname as name from province order by name
		</sql>	
		
		<sql name="getTypeCode" > 
			select envalue as code, value as name from dictionary where groupcode='typeCode'
		</sql>	
		
		<sql name="getUserProvinceList" > 
			select cnname as code, cnname as name from province where @{userProvince} order by cnname
		</sql>	
		
		<sql name="getCheckboxProvinceList" > 
			select abbreviation as code, cnname as name, checkedProvince.checked  
			from province
			LEFT JOIN (
				select id, 1 as checked  from province where @{checkboxProvince}
			) checkedProvince on province.id = checkedProvince.id
		</sql>	
		
		<sql name="getAct_id_group" > 
			select ID_ as code, NAME_ as name, A.checked  
			from act_id_group
			LEFT JOIN (
				select GROUP_ID_, 1 as checked  from act_id_membership where USER_ID_='@{id_}'
			) A on A.GROUP_ID_ = act_id_group.ID_
		</sql>	
		
		<sql name="getStandardProvince" > 
			select cnname as code, cnname as name from province where cnname in @{cnname} or shortname in @{shortname} or abbreviation in @{abbreviation} order by name
		</sql>	
		
		<sql name="getProductList" > 
			select product.*, product.price as price_sale  from product where @{filter}
		</sql>	
		
		<sql name="getMyProductList" > 
			SELECT
				product.*, product.price AS price_sale
			FROM
				product
			WHERE
				EXISTS (
					SELECT
						*
					FROM
						product_member m
					LEFT JOIN product_mapping_role r ON m.parentid = r.groupid
					WHERE
						r.userid = '@{userid}'
					AND m.memberid = product.id
				)
				and @{filter}
		</sql>	
		
		<sql name="getProduct_roleByUserid" > 
			SELECT employee.id, gp.groupname, gp.id as groupid, sf.id as isselfsale
			from employee 
			LEFT JOIN (SELECT g.*, r.userid FROM  product_group g LEFT JOIN product_mapping_role r ON g.id = r.groupid) gp on gp.userid = employee.id
			LEFT JOIN selfsale_role sf on sf.userid = employee.id
			WHERE employee.id = '@{userid}'
		</sql>
		
		<sql name="getPaymentorgList" > 
			select cspname as code, cspname as name from csolist order by name
		</sql>	
		
		<sql name="getPaymentorgListByDistinct" > 
			select distinct cspname as code, cspname as name from csolist order by name
		</sql>	
		
		<sql name="getMyRebateslit_fee"> 
			<![CDATA[
			SELECT rebateslit.*, (
						SELECT SUM (rebatedetail.qty)
						FROM rebatedetail
						WHERE rebatedetail.parentid = rebateslit.id
					) AS qty_sum,
					(SELECT SUM (rebatedetail.price_rebate)
						FROM rebatedetail
						WHERE rebatedetail.parentid = rebateslit.id
					) AS rebateamt_sum,
					AA.alreadyrebateamt_sum,
					(COALESCE (
						(SELECT SUM (rebatedetail.price_rebate)
							FROM rebatedetail
							WHERE rebatedetail.parentid = rebateslit.id
						), 0 ) - COALESCE (AA.alreadyrebateamt_sum, 0)
					) AS sumprice_rebate
				FROM rebateslit
				LEFT JOIN (
					SELECT SUM (feedetail.amt) + SUM (feedetail.amt_other) as alreadyrebateamt_sum, feeslit.rebateid 
					from feeslit LEFT JOIN feedetail on feedetail.parentid=feeslit.id 
					where feeslit.statuscode <> 'close' 
					GROUP BY feeslit.rebateid) AA
				ON rebateslit.id = AA.rebateid
				WHERE
					NOT EXISTS (
						SELECT *
						FROM (SELECT tbA.*
								FROM (SELECT BB.rebateid, BB.alreadyrebateamt_sum as sumfee_rebate
										FROM (
											SELECT SUM (feedetail.amt) + SUM (feedetail.amt_other) as alreadyrebateamt_sum, feeslit.rebateid 
											from feeslit LEFT JOIN feedetail on feedetail.parentid=feeslit.id 
											where feeslit.statuscode <> 'close' 
											GROUP BY feeslit.rebateid) BB
									) tbA
								LEFT JOIN 
								(SELECT rebateslit.*, 
									(SELECT SUM (rebatedetail.price_rebate)
										FROM rebatedetail
										WHERE rebatedetail.parentid = rebateslit.id
									) AS sumprice_rebate
									FROM rebateslit
								) tbB ON tbA.rebateid = tbB.id
								WHERE tbA.sumfee_rebate >= tbB.sumprice_rebate
							) A
						WHERE rebateslit.id = A.rebateid
					)
				and @{rebateproductgroup}
				and rebateslit.province in (select cnname as province  from province where @{userProvince})
				and @{filter} 
			]]>
		</sql>	
<!-- 		<sql name="getMyRebateslit_fee" > 
			select rebateslit.*,
			(select sum(rebatedetail.qty) from rebatedetail where rebatedetail.parentid = rebateslit.id) as qty_sum,
			(select sum(rebatedetail.price_rebate) from rebatedetail where rebatedetail.parentid = rebateslit.id) as sumprice_rebate 
			from rebateslit 
			where
			not EXISTS (
				SELECT 1 from feeslit where rebateslit.id = feeslit.rebateid
			)
			and @{filter} 
			and @{rebateproductgroup}
		</sql>	 -->
		
		<sql name="getMyRebateslit" > 
			select rebateslit.*,
			(select sum(rebatedetail.qty) from rebatedetail where rebatedetail.parentid = rebateslit.id) as qty_sum,
			(select sum(rebatedetail.price_rebate) from rebatedetail where rebatedetail.parentid = rebateslit.id) as sumprice_rebate 
			from rebateslit 
			where operatorid in (@{children}) and @{filter} 
		</sql>	
		
		<sql name="getMyRebateslitByDetail" > 
			select rebateslit.*,
			(select sum(rebatedetail.qty) from rebatedetail where rebatedetail.parentid = rebateslit.id) as qty_sum,
			(select sum(rebatedetail.price_rebate) from rebatedetail where rebatedetail.parentid = rebateslit.id) as sumprice_rebate 
			from rebateslit 
			where operatorid in (@{children}) and @{filter} 
				and EXISTS (SELECT 1 from rebatedetail where rebatedetail.parentid = rebateslit.id and docno LIKE '%@{docno}%')
		</sql>	
<!-- 		<sql name="getMyRebateslit" > 
			select rebateslit.id, rebateslit.docyear, rebateslit.docmonth, rebateslit.statuscode, rebateslit.no, rebateslit.typecode, rebateslit.createtime,rebateslit.workflowid, 
			rebateslit.agentcode, rebateslit.agentname, rebateslit.agentid, rebateslit.operator,
			(select sum(rebatedetail.qty) from rebatedetail where rebatedetail.parentid = rebateslit.id) as qty_sum,
			(select sum(rebatedetail.price_rebate) from rebatedetail where rebatedetail.parentid = rebateslit.id) as sumprice_rebate 
			from rebateslit 
			where operatorid in (@{children}) and @{filter} 
		</sql>	 -->
		
		<sql name="getApprovalRebateslit" > 
			select rebateslit.id, rebateslit.statuscode, rebateslit.no, rebateslit.typecode, rebateslit.createtime,
			customer.code as agentcode, customer.name as agentname, customer.id as agentid,
			(select sum(rebatedetail.qty) from rebatedetail where rebatedetail.parentid = rebateslit.id) as qty_sum,
			(select sum(rebatedetail.price_rebate) from rebatedetail where rebatedetail.parentid = rebateslit.id) as sumprice_rebate,
			v_hierarchy.name as operator 
			from rebateslit 
			left join customer on agentid = customer.id 
			left join v_hierarchy on operatorid = v_hierarchy.id 
			where @{filter} 
		</sql>	
		
		<sql name="getMyRebateDetail" > 
			select rebatedetail.id, rebatedetail.flowid, rebatedetail.price_rebate, rebatedetail.flowyear, rebatedetail.flowmonth, rebatedetail.qty_original, rebatedetail.qty, rebatedetail.amt,
			customer.code as customercode, customer.name as customername, product.name as productname, product.spec, 
			generalrebatebook.qty_available, generalrebatebook.docno, generalrebatebook.price_doc, generalrebatebook.amt_doc
			from rebatedetail
			left join customer on customerid = customer.id 
			left join generalrebatebook on flowid = generalrebatebook.id 
			left join product on rebatedetail.productid = product.id 
			where rebatedetail.parentid = '@{parentid}' 
		</sql>	
		
		<sql name="getRebateRecord" > 
			select RebateRecord.*, csolist.agentname, csolist.customername, csolist.cspname, csolist.bankname, csolist.accountno
			from rebaterecord
			left join rebateslit on rebateslitid = rebateslit.id 
			left join csolist on csolistid = csolist.id 
			where rebateslitid = '@{rebateslitid}' 
		</sql>	
		
		<sql name="getAttachmentList" > 
			select attachment.*, agreement.typecode, agreement.ver, agreement.no, agreement.operator
			from attachment
			left join agreement on attachment.agreementid = agreement.id
			where @{filter} 
		</sql>	
		
		<sql name="getAttachmentListByProvince" > 
			<![CDATA[
				select agreement.*, attachment.filepath, attachment.attachmentstatus as 'attachmentupstatus'
				from agreement 
				left join attachment on attachment.agreementid = agreement.id
				where @{filter}
				and agreement.statuscode='open'
				and agreement.province in (select cnname as province  from province where @{userProvince})
				and @{agreementproductgroup}
				and agreement.typecode <> 'SelfSale'
			]]>
		</sql>
		
		<sql name="getAttachmentListByProvinceALL" > 
			<![CDATA[
				select agreement.*, attachment.filepath, attachment.attachmentstatus as 'attachmentupstatus'
				from agreement 
				left join attachment on attachment.agreementid = agreement.id
				where @{filter} 
				and agreement.statuscode='open'
				and agreement.province in (select cnname as province  from province where @{userProvince})
				and @{agreementproductgroup}
			]]>
		</sql>
		
		<sql name="getterritorybyid1" > 
			select * from territory where parentid1 = '@{id}'
		</sql>
		
		<sql name="getpoliyscopebyagreement" > 
			select  top 1 * from policyscope where typecode = '@{typecode}' and province = '@{province}' and productid = '@{productid}' and productgroupid = '@{productgroupid}' order by updatetime desc
		</sql>
		
	</dataSpace>
	
	<dataSpace name="upAgreementQtyDetail">
		<sql name="upAgreementQtyDetailByFineDetail" > 
			UPDATE agreementqtydetail set price = '@{price}' where parentid='@{parentid}' and productid='@{productid}'
		</sql>
	</dataSpace>	
	
	<dataSpace name="MyHistoty">
		<sql name="getRebateslitMyHistoty" > 
			SELECT *, (select sum(rebatedetail.qty) from rebatedetail where rebatedetail.parentid = rebateslit.id) as qty_sum,
			(select sum(rebatedetail.price_rebate) from rebatedetail where rebatedetail.parentid = rebateslit.id) as sumprice_rebate 
			FROM rebateslit
			WHERE @{filter} 
		</sql>
	</dataSpace>	
</sqls>
