<?xml version="1.0" encoding="UTF-8"?>
<!DOCTYPE sql PUBLIC "sql" "../config/sql.dtd" >

<sqls>
	<dataSpace name="IoButton">
		<sql name="getIoButtonByCode">
			<![CDATA[
				select appendmode as code, buttonname as name, remark 
				from iobutton 
				where 
				EXISTS (
					SELECT 1 from iohandler where iobutton.appendmode = iohandler.appendmode
				)
				and iocode='@{iocode}'
				ORDER BY no
			]]>
		</sql>
	</dataSpace>
			
	<dataSpace name="uplodePolicyscope">
		<sql name="setPolicyscopeKey">
			<![CDATA[
				UPDATE @{tempTable}
				SET @{tempTable}.typecode = dictionary.envalue
				FROM
					@{tempTable}
				LEFT JOIN dictionary ON @{tempTable}.type = dictionary.value;
			
				UPDATE @{tempTable}
				SET @{tempTable}.productid = product.id
				FROM @{tempTable}
				LEFT JOIN product ON @{tempTable}.spec = product.spec
				where productid is null or productid = '';
				
				UPDATE @{tempTable}
				SET @{tempTable}.productid = product.id
				FROM @{tempTable}
				LEFT JOIN product ON @{tempTable}.productname = product.name
				where productid is null or productid = '';
				
				UPDATE @{tempTable}
				SET @{tempTable}.productname = product.name
				FROM @{tempTable}
				LEFT JOIN product ON @{tempTable}.productid = product.id
				where productname is null or productname = '';
				
				UPDATE @{tempTable}
				SET @{tempTable}.productgroupid = product_group.id
				FROM @{tempTable}
				LEFT JOIN product_group ON @{tempTable}.productgroupname = product_group.groupname
				where productgroupid is null or productgroupid = '';
			]]>
		</sql>
	</dataSpace>
		
	<dataSpace name="customer">
		<sql name="setStandardProvince">
			<![CDATA[
				update @{tempTable} set @{tempTable}.province = 
					(SELECT cnname from province 
						where province.cnname = @{tempTable}.province 
						or province.shortname = @{tempTable}.province 
						or province.abbreviation = @{tempTable}.province
					) 
			]]>
		</sql>
		
		<sql name="cntStandardProvince">
			<![CDATA[
				select count(1) from @{tempTable} where @{tempTable}.province is null
			]]>
		</sql>
		
		<sql name="setHospitalTypeCode">
			<![CDATA[
				update @{tempTable} set typecode = 'hospital' 
			]]>
		</sql>
		
		<sql name="setBusinessTypeCode">
			<![CDATA[
				update @{tempTable} set typecode = 'business' 
			]]>
		</sql>
		
		<sql name="setAgentTypeCode">
			<![CDATA[
				update @{tempTable} set typecode = 'agent' 
			]]>
		</sql>
	</dataSpace>
	
	<dataSpace name="uplodeEmployee">
		<sql name="setEmployeeKey">
			<![CDATA[
				UPDATE employee
				SET employee. POSITION = employee.id,
				 employee.entitle = rolemapping.title,
				 employee.title = rolemapping.type,
				 employee.rolecode = rolemapping.rolecode
				FROM
					employee
				LEFT JOIN rolemapping ON employee.cntitle = rolemapping.caption;
			
				UPDATE employee
				SET employee.parentid = parent.id
				FROM employee
				LEFT JOIN employee parent ON employee.parentcode = parent.code
				where employee.parentcode IS NOT NULL and employee.parentcode <> '';
				
				UPDATE employee
				SET employee.grandpaid = grandpa.id
				FROM employee
				LEFT JOIN employee grandpa ON employee.grandpacode = grandpa.code
				where employee.grandpacode IS NOT NULL and employee.grandpacode <> '';
				
				UPDATE employee
				SET employee.productgroupid = product_group.id
				FROM employee
				LEFT JOIN product_group ON employee.productgroup = product_group.groupname
				where employee.productgroupid is not null or employee.productgroupid <> '';
			]]>
		</sql>
		
		<sql name="truncateUsrTable">
			<![CDATA[
				truncate table usrorg;
				truncate table act_id_membership;
				truncate table act_id_user;
				truncate table product_mapping_role;
				DELETE from usr where id not in (SELECT id from employee)
			]]>
		</sql>
		
		<sql name="transferUpToUsr">
			<![CDATA[
				update usr set caption = employee.cntitle, type = employee.title, rolecode = employee.rolecode, phone = employee.phone, title = employee.entitle
 				from usr
 				left join employee on employee.id = usr.id
			]]>
		</sql>
		
		<sql name="transferToUsr">
			<![CDATA[
				insert into usr (id, name, password, caption, active, type, rolecode, phone, title) 
				select id, ad_code, '123456', cntitle, 'T', title, rolecode, phone, entitle
 				from employee
				where employee.id not in (select id from usr)
			]]>
		</sql>
		
		<sql name="transferToUsrorg">
			<![CDATA[
				insert into usrorg (id, userid, orgid) 
				select id, id, '1'
 				from employee
 				where employee.ad_code <> '' or employee.ad_code is not null
			]]>
		</sql>
		
		<sql name="transferToAct_id_membership">
			<![CDATA[
				insert into act_id_membership (USER_ID_, GROUP_ID_) 
				select id, entitle
 				from employee
 				where employee.entitle is not null or employee.entitle <> ''
			]]>
		</sql>
		
		<sql name="transferToAct_id_user">
			<![CDATA[
				insert into act_id_user (ID_) 
				select id
 				from employee
			]]>
		</sql>
		
		<sql name="transferToProduct_mapping_role">
			<![CDATA[
				insert into product_mapping_role (id, userid, groupid) 
				select id, id, productgroupid
 				from employee
 				where employee.productgroupid is not null or employee.productgroupid <> ''
			]]>
		</sql>
		
	</dataSpace>
	
	<dataSpace name="uplodeCSOList">
		<sql name="setCsolistAgentid">
			<![CDATA[
				update @{tempTable}  set agentid = customer.id 
				from @{tempTable} 
				left join customer on @{tempTable}.agentname = customer.name 
				and @{tempTable}.agentcode = customer.code
				and @{tempTable}.province = customer.province
			]]>
		</sql>
		
		<sql name="cntCsolistAgentid">
			<![CDATA[
				select count(1) from @{tempTable} where @{tempTable}.agentid is null or @{tempTable}.agentid = ''
			]]>
		</sql>
	</dataSpace>
	
	<dataSpace name="uplodeSalesflow">
		<sql name="setSalesflowId">
			<![CDATA[
				update @{tempTable}  set productid = product.id, productcode = product.code, spec = product.spec,
				customerid = customer.id, customercode = customer.code, 
				dealerid = agent.id, dealercode = agent.code, typecode = dictionary.envalue,
				year=SUBSTRING(@{tempTable}.salesdate,1,4), month= SUBSTRING(@{tempTable}.salesdate,5,2)
				from @{tempTable} 
				left join product on @{tempTable}.productname = product.name 
				left join customer on @{tempTable}.customername = customer.name or @{tempTable}.customercode = customer.code
				left join customer agent on @{tempTable}.dealername = agent.name or @{tempTable}.dealercode = agent.code
				left join dictionary on @{tempTable}.type = dictionary.value and dictionary.groupcode = 'typeCode'
			]]> 
		</sql>
		
		<sql name="setSalesflowProductBygroup">
			<![CDATA[
				update @{tempTable}  set productgroupid = product_member.parentid
				from @{tempTable} 
				left join product_member on @{tempTable}.productid = product_member.memberid
				where 
					productgroupid = '' or productgroupid is null
			]]> 
		</sql>
		
		<sql name="setSalesflowProvinceByShort">
			<![CDATA[
				update @{tempTable}  set customerprovince = province.cnname
				from @{tempTable} 
				left join province on @{tempTable}.customerprovince = province.shortname
				where 
					EXISTS (
						SELECT
							1
						FROM
							province
						WHERE
							@{tempTable}.customerprovince = province.shortname
					)
			]]> 
		</sql>
		
		<sql name="setSalesflowProvinceByAbbreviation">
			<![CDATA[
				update @{tempTable}  set customerprovince = province.cnname
				from @{tempTable} 
				left join province on @{tempTable}.customerprovince = province.abbreviation
				where 
					EXISTS (
						SELECT
							1
						FROM
							province
						WHERE
							@{tempTable}.customerprovince = province.abbreviation
					)
			]]> 
		</sql>
		
		<sql name="cntSalesflowCustomerprovince">
			<![CDATA[
				select count(1) from @{tempTable} 
				where 
					not EXISTS (
						SELECT
							1
						FROM
							province
						WHERE
							@{tempTable}.customerprovince = province.cnname
					)
			]]> 
		</sql>
		
		<sql name="cntSalesflowCustomercode">
			<![CDATA[
				select count(1) from @{tempTable} where @{tempTable}.customercode is null or @{tempTable}.customercode = ''
			]]> 
		</sql>
		
		<sql name="cntSalesflowDealercode">
			<![CDATA[
				select count(1) from @{tempTable} where @{tempTable}.dealercode is null or @{tempTable}.dealercode = ''
			]]> 
		</sql>
		
		<sql name="cntSalesflowProductcode">
			<![CDATA[
				select count(1) from @{tempTable} where @{tempTable}.productcode is null or @{tempTable}.productcode = ''
			]]> 
		</sql>
		
		<sql name="cntSalesflowTypecode">
			<![CDATA[
				select count(1) from @{tempTable} where @{tempTable}.typecode is null or @{tempTable}.typecode = ''
			]]> 
		</sql>
		
		<sql name="cntSalesflowDocno">
			<![CDATA[
				select count(1) from @{tempTable} where @{tempTable}.docno is null or @{tempTable}.docno = ''
			]]> 
		</sql>
		
		<sql name="deleteSalesflowByDate">
			<![CDATA[
				DELETE
				FROM
					salesflow
				WHERE
					EXISTS (
						SELECT
							1
						FROM
							temp_salesflow
						WHERE
							salesflow. YEAR = temp_salesflow. YEAR
						AND salesflow. MONTH = temp_salesflow. MONTH
					)
				and salesflow.typecode <> 'PurchaseAndSale'
			]]> 
		</sql>
		<!-- <sql name="deleteSalesflowByDate">
			<![CDATA[
				DELETE
				FROM
					salesflow
				WHERE
					NOT EXISTS (
						SELECT
							1
						FROM
							temp_salesflow
						WHERE
							salesflow. YEAR = temp_salesflow. YEAR
						AND salesflow. MONTH = temp_salesflow. MONTH
						AND salesflow.customerid = temp_salesflow.customerid
						AND salesflow.productid = temp_salesflow.productid
					)
				AND salesflow.YEAR in (SELECT year from temp_salesflow)
				AND salesflow.MONTH in (SELECT MONTH from temp_salesflow)
				and salesflow.typecode <> 'PurchaseAndSale'
			]]> 
		</sql> -->
		<sql name="updataSalesflowByTemp">
			<![CDATA[
				UPDATE salesflow
				SET salesflow.docstate = temp_salesflow.docstate,
				 salesflow.docno = temp_salesflow.docno,
				 salesflow.docdate = temp_salesflow.docdate,
				 salesflow.salesdate = temp_salesflow.salesdate,
				 salesflow.salesdepartmentid = temp_salesflow.salesdepartmentid,
				 salesflow.salesdepartmentname = temp_salesflow.salesdepartmentname,
				 salesflow.dealercode = temp_salesflow.dealercode,
				 salesflow.dealername = temp_salesflow.dealername,
				 salesflow.dealermark = temp_salesflow.dealermark,
				 salesflow.dealerprovince = temp_salesflow.dealerprovince,
				 salesflow.dealercity = temp_salesflow.dealercity,
				 salesflow.customercode = temp_salesflow.customercode,
				 salesflow.customername = temp_salesflow.customername,
				 salesflow.customerprovince = temp_salesflow.customerprovince,
				 salesflow.customercity = temp_salesflow.customercity,
				 salesflow.purchaseprovince = temp_salesflow.purchaseprovince,
				 salesflow.purchasecity = temp_salesflow.purchasecity,
				 salesflow.productname = temp_salesflow.productname,
				 salesflow.productcode = temp_salesflow.productcode,
				 salesflow.amt = temp_salesflow.amt,
				 salesflow.qty = temp_salesflow.qty,
				 salesflow.qty_examine = temp_salesflow.qty_examine,
				 salesflow.qty_convert = temp_salesflow.qty_convert,
				 salesflow.channel = temp_salesflow.channel,
				 salesflow.channelcode = temp_salesflow.channelcode,
				 salesflow.type = temp_salesflow.type,
				 salesflow.qty_book = temp_salesflow.qty_book,
				 salesflow.qty_used = temp_salesflow.qty_used,
				 salesflow.qty_available = temp_salesflow.qty_available,
				 salesflow.platformname = temp_salesflow.platformname,
				 salesflow.typecode = temp_salesflow.typecode,
				 salesflow.dealerid = temp_salesflow.dealerid,
				 salesflow.spec = temp_salesflow.spec,
				 salesflow.productgroupid = temp_salesflow.productgroupid
				 
				FROM
					salesflow
				INNER JOIN temp_salesflow ON salesflow. YEAR = temp_salesflow. YEAR
				AND salesflow. MONTH = temp_salesflow. MONTH
				AND salesflow.customerid = temp_salesflow.customerid
				AND salesflow.productid = temp_salesflow.productid
				AND salesflow.salesdate = temp_salesflow.salesdate
			]]> 
		</sql>
		<sql name="insetSalesflowByTemp">
			<![CDATA[
				INSERT INTO salesflow (
					id, YEAR, MONTH, docstate, docno, docdate, salesdate, salesdepartmentid,
					salesdepartmentname, dealercode, dealername, dealermark, dealerprovince,
					dealercity, customerid, customercode, customername, customerprovince, customercity,
					purchaseprovince, purchasecity, productid, productname, productcode, amt,
					qty, qty_examine, qty_convert, channel, channelcode, type, qty_book, qty_used,
					qty_available, platformname, typecode, dealerid, spec, productgroupid
				) SELECT
					id, YEAR, MONTH, docstate, docno, docdate, salesdate,
					salesdepartmentid, salesdepartmentname, dealercode, dealername, dealermark, dealerprovince,
					dealercity, customerid, customercode, customername, customerprovince,
					customercity, purchaseprovince, purchasecity, productid,
					productname, productcode, amt, qty, qty_examine, qty_convert, channel,
					channelcode, type, qty_book, qty_used, qty_available, platformname,
					typecode, dealerid, spec, productgroupid
				FROM
					temp_salesflow
				WHERE
					NOT EXISTS (
						SELECT
							1
						FROM
							salesflow
						WHERE
							salesflow. YEAR = temp_salesflow. YEAR
						AND salesflow. MONTH = temp_salesflow. MONTH
						AND salesflow.customerid = temp_salesflow.customerid
						AND salesflow.productid = temp_salesflow.productid
						AND salesflow.salesdate = temp_salesflow.salesdate
					)
			]]> 
		</sql>
		<sql name="deleteGeneralrebatebookByDate">
			<![CDATA[
				DELETE
				FROM
					generalrebatebook
				WHERE
					EXISTS (
						SELECT
							1
						FROM
							temp_salesflow
						WHERE
							generalrebatebook.YEAR = temp_salesflow.YEAR
						AND generalrebatebook.MONTH = temp_salesflow.MONTH
					)
				and generalrebatebook.typecode <> 'PurchaseAndSale'
			]]> 
		</sql>
		<!-- WHERE
		NOT EXISTS (
						SELECT
							1
						FROM
							temp_salesflow
						WHERE
							generalrebatebook. YEAR = temp_salesflow. YEAR
						AND generalrebatebook. MONTH = temp_salesflow. MONTH
						AND generalrebatebook.customerid = temp_salesflow.customerid
						AND generalrebatebook.productid = temp_salesflow.productid
					)
				AND 
				generalrebatebook.YEAR in (SELECT year from temp_salesflow)
				AND generalrebatebook.MONTH in (SELECT MONTH from temp_salesflow)
				and generalrebatebook.typecode <> 'PurchaseAndSale'
				 -->
		<!-- <sql name="updataGeneralrebatebookByTemp">
			<![CDATA[
				UPDATE generalrebatebook
				SET
				 generalrebatebook.qty_original = a.sum_qty,
				 generalrebatebook.qty_total = a.sum_qty
				FROM
					generalrebatebook
				left JOIN (SELECT YEAR, MONTH, customerid, productid, sum(qty) as sum_qty from temp_salesflow group by temp_salesflow.YEAR, temp_salesflow.MONTH, temp_salesflow.customerid, temp_salesflow.productid) a 
				ON generalrebatebook.YEAR = a. YEAR
				AND generalrebatebook.MONTH = a. MONTH
				AND generalrebatebook.customerid = a.customerid
				AND generalrebatebook.productid = a.productid
			]]> 
		</sql> -->
		<sql name="insetGeneralrebatebookByTemp">
			<![CDATA[
				INSERT INTO generalrebatebook (
				id, YEAR, MONTH,dealerid,dealercode, dealername,customerid, customercode, customername,
				productid, productname,productcode,spec,typecode,type,docstate,docno, productgroupid,
				qty_original,
				qty_total,
				qty_available
	
				) SELECT
					CONVERT(VARCHAR(10),YEAR) + CONVERT(VARCHAR(5),MONTH) + customercode + productcode + typecode,
					YEAR, MONTH,dealerid,dealercode,dealername,customerid,customercode,customername,
					productid,productname,productcode,spec,typecode,type,docstate,docno, productgroupid,
					sum_qty, sum_qty, sum_qty
				FROM
					(SELECT YEAR, MONTH,dealerid,dealercode,dealername,customerid,customercode,customername, productgroupid,
							productid,productname,productcode,spec,typecode,type,docstate,docno, sum(qty) as sum_qty 
					from salesflow 
					where 
					EXISTS (
						SELECT
							1
						FROM
							temp_salesflow
						WHERE salesflow.YEAR = temp_salesflow.YEAR
						AND salesflow.MONTH = temp_salesflow.MONTH
					)
					and salesflow.typecode <>'PurchaseAndSale'
					group by YEAR, MONTH,dealerid,dealercode,dealername,customerid,customercode,customername,
						productid,productname,productcode,spec,typecode,type,docstate,docno, productgroupid
					) a 			
			]]> 
		</sql>
		<!-- WHERE
					NOT EXISTS (
						SELECT
							1
						FROM
							generalrebatebook
						WHERE
							generalrebatebook. YEAR = a. YEAR
						AND generalrebatebook. MONTH = a. MONTH
						AND generalrebatebook.customerid = a.customerid
						AND generalrebatebook.productid = a.productid
					)
					 -->
	</dataSpace>
	
	<dataSpace name="uplodeSalesflow_doc">
		<sql name="setSalesflowId_doc">
			<![CDATA[
				update @{tempTable}  set productid = product.id, productcode = product.code, spec = product.spec,
					customerid = customer.id, customercode = customer.code, dealerid = agent.id, dealercode = agent.code, 
					type = '底价', typecode = 'PurchaseAndSale',
					price_doc = amt_doc/qty,
					year=SUBSTRING(@{tempTable}.docdate,1,4), month= SUBSTRING(@{tempTable}.docdate,5,2)
				from @{tempTable} 
				left join product on @{tempTable}.productname = product.name
				left join customer on @{tempTable}.customername = customer.name or @{tempTable}.customercode = customer.code
				left join customer agent on @{tempTable}.dealername = agent.name or @{tempTable}.dealercode = agent.code
			]]> 
		</sql>
		
		<sql name="setSalesflowProvinceByShort_doc">
			<![CDATA[
				update @{tempTable}  set dealerprovince = province.cnname
				from @{tempTable} 
				left join province on @{tempTable}.dealerprovince = province.shortname
				where 
					EXISTS (
						SELECT
							1
						FROM
							province
						WHERE
							@{tempTable}.dealerprovince = province.shortname
					)
			]]> 
		</sql>
		
		<sql name="setSalesflowProvinceByAbbreviation_doc">
			<![CDATA[
				update @{tempTable}  set dealerprovince = province.cnname
				from @{tempTable} 
				left join province on @{tempTable}.dealerprovince = province.abbreviation
				where 
					EXISTS (
						SELECT
							1
						FROM
							province
						WHERE
							@{tempTable}.dealerprovince = province.abbreviation
					)
			]]> 
		</sql>
		
		<sql name="cntSalesflowDealerprovince_doc">
			<![CDATA[
				select count(1) from @{tempTable} 
				where 
					not EXISTS (
						SELECT
							1
						FROM
							province
						WHERE
							@{tempTable}.dealerprovince = province.cnname
					)
			]]> 
		</sql>
		
		<sql name="deleteSalesflowByDate_doc">
			<![CDATA[
				DELETE
				FROM
					salesflow
				WHERE
					NOT EXISTS (
						SELECT
							1
						FROM
							temp_salesflow
						WHERE
							salesflow. YEAR = temp_salesflow. YEAR
						AND salesflow. MONTH = temp_salesflow. MONTH
						AND salesflow.docno = temp_salesflow. docno
						AND salesflow.customerid = temp_salesflow.customerid
						AND salesflow.productid = temp_salesflow.productid
					)
				AND salesflow.YEAR in (SELECT year from temp_salesflow)
				AND salesflow.MONTH in (SELECT MONTH from temp_salesflow)
				and salesflow.typecode = 'PurchaseAndSale'
			]]> 
		</sql>
		<sql name="updataSalesflowByTemp_doc">
			<![CDATA[
				UPDATE salesflow
				SET salesflow.docstate = temp_salesflow.docstate,
				 salesflow.docno = temp_salesflow.docno,
				 salesflow.docdate = temp_salesflow.docdate,
				 salesflow.salesdate = temp_salesflow.salesdate,
				 salesflow.salesdepartmentid = temp_salesflow.salesdepartmentid,
				 salesflow.salesdepartmentname = temp_salesflow.salesdepartmentname,
				 salesflow.dealercode = temp_salesflow.dealercode,
				 salesflow.dealername = temp_salesflow.dealername,
				 salesflow.dealermark = temp_salesflow.dealermark,
				 salesflow.dealerprovince = temp_salesflow.dealerprovince,
				 salesflow.dealercity = temp_salesflow.dealercity,
				 salesflow.customercode = temp_salesflow.customercode,
				 salesflow.customername = temp_salesflow.customername,
				 salesflow.customerprovince = temp_salesflow.customerprovince,
				 salesflow.customercity = temp_salesflow.customercity,
				 salesflow.purchaseprovince = temp_salesflow.purchaseprovince,
				 salesflow.purchasecity = temp_salesflow.purchasecity,
				 salesflow.productname = temp_salesflow.productname,
				 salesflow.productcode = temp_salesflow.productcode,
				 salesflow.amt = temp_salesflow.amt,
				 salesflow.qty = temp_salesflow.qty,
				 salesflow.qty_examine = temp_salesflow.qty_examine,
				 salesflow.qty_convert = temp_salesflow.qty_convert,
				 salesflow.channel = temp_salesflow.channel,
				 salesflow.channelcode = temp_salesflow.channelcode,
				 salesflow.type = temp_salesflow.type,
				 salesflow.qty_book = temp_salesflow.qty_book,
				 salesflow.qty_used = temp_salesflow.qty_used,
				 salesflow.qty_available = temp_salesflow.qty_available,
				 salesflow.platformname = temp_salesflow.platformname,
				 salesflow.typecode = temp_salesflow.typecode,
				 salesflow.dealerid = temp_salesflow.dealerid,
				 salesflow.spec = temp_salesflow.spec,
				 salesflow.price_doc = temp_salesflow.price_doc,
				 salesflow.amt_doc = temp_salesflow.amt_doc,
				 salesflow.productgroupid = temp_salesflow.productgroupid
				FROM
					salesflow
				INNER JOIN temp_salesflow 
				ON salesflow. YEAR = temp_salesflow. YEAR
				AND salesflow. MONTH = temp_salesflow. MONTH
				AND salesflow.docno = temp_salesflow.docno
				AND salesflow.customerid = temp_salesflow.customerid
				AND salesflow.productid = temp_salesflow.productid
			]]> 
		</sql>
		<sql name="insetSalesflowByTemp_doc">
			<![CDATA[
				INSERT INTO salesflow (
					id, YEAR, MONTH, docstate, docno, docdate, salesdate, salesdepartmentid,
					salesdepartmentname, dealercode, dealername, dealermark, dealerprovince,
					dealercity, customerid, customercode, customername, customerprovince, customercity,
					purchaseprovince, purchasecity, productid, productname, productcode, amt,
					qty, qty_examine, qty_convert, channel, channelcode, type, qty_book, qty_used,
					qty_available, platformname, typecode, dealerid, spec, price_doc, amt_doc, productgroupid
				) SELECT
					id, YEAR, MONTH, docstate, docno, docdate, salesdate,
					salesdepartmentid, salesdepartmentname, dealercode, dealername, dealermark, dealerprovince,
					dealercity, customerid, customercode, customername, customerprovince,
					customercity, purchaseprovince, purchasecity, productid,
					productname,productcode, amt, qty, qty_examine, qty_convert, channel,
					channelcode, type, qty_book, qty_used, qty_available, platformname,
					typecode, dealerid, spec, price_doc, amt_doc, productgroupid
				FROM
					temp_salesflow
				WHERE
					NOT EXISTS (
						SELECT
							1
						FROM
							salesflow
						WHERE
							salesflow. YEAR = temp_salesflow. YEAR
						AND salesflow. MONTH = temp_salesflow. MONTH
						AND salesflow. docno = temp_salesflow.docno
						AND salesflow.customerid = temp_salesflow.customerid
						AND salesflow.productid = temp_salesflow.productid
					)
			]]> 
		</sql>
		<sql name="deleteGeneralrebatebookByDate_doc">
			<![CDATA[
				DELETE
				FROM
					generalrebatebook
				WHERE
					EXISTS (
						SELECT
							1
						FROM
							temp_salesflow
						WHERE generalrebatebook.YEAR = temp_salesflow.YEAR
						AND generalrebatebook.MONTH = temp_salesflow.MONTH
					)
				AND generalrebatebook.typecode = 'PurchaseAndSale'
			]]> 
		</sql>
		<!-- WHERE
					NOT EXISTS (
						SELECT
							1
						FROM
							temp_salesflow
						WHERE generalrebatebook.docno = temp_salesflow. docno
					)
				AND generalrebatebook.YEAR in (SELECT year from temp_salesflow)
				AND generalrebatebook.MONTH in (SELECT MONTH from temp_salesflow)
				and generalrebatebook.typecode = 'PurchaseAndSale'
				 -->
		<!-- <sql name="updataGeneralrebatebookByTemp_doc">
			<![CDATA[
				UPDATE generalrebatebook
				SET
				 generalrebatebook.qty_original = a.sum_qty,
				 generalrebatebook.qty_total = a.sum_qty
				FROM
					generalrebatebook
				left JOIN (SELECT docno, sum(qty) as sum_qty from temp_salesflow group by temp_salesflow.docno) a 
				ON generalrebatebook.docno = a. docno
			]]> 
		</sql> -->
		<sql name="insetGeneralrebatebookByTemp_doc">
			<![CDATA[
				INSERT INTO generalrebatebook (
				id, YEAR, MONTH,dealerid,dealercode, dealername,customerid, customercode, customername,
				productid, productname, productcode,spec,typecode,type,docstate,docno, price_doc, amt_doc, productgroupid,
				qty_original,
				qty_total,
				qty_available
				) SELECT
					customercode + productcode + a.docno, 
					YEAR, MONTH,dealerid,dealercode,dealername,a.customerid,customercode,customername,
					a.productid,productname, productcode,spec,typecode,type,docstate,a.docno, a.price_doc, a.amt_doc, a.productgroupid,
					b.sum_qty, b.sum_qty, b.sum_qty
				FROM
					(SELECT YEAR, MONTH,dealerid,dealercode,dealername,customerid,customercode,customername,
							productid,productname,productcode,spec,typecode,type,docstate,docno, price_doc, amt_doc, productgroupid
					from salesflow 
					where 
					EXISTS (
						SELECT
							1
						FROM
							temp_salesflow
						WHERE salesflow.YEAR = temp_salesflow.YEAR
						AND salesflow.MONTH = temp_salesflow.MONTH
					)
					and salesflow.typecode ='PurchaseAndSale'
					group by YEAR, MONTH,dealerid,dealercode,dealername,customerid,customercode,customername,
							productid,productname,productcode,spec,typecode,type,docstate,docno, price_doc, amt_doc, productgroupid
					) a 		
					left JOIN (
						SELECT docno, productid, customerid, sum(qty) as sum_qty 
						from salesflow 
						where 
						EXISTS (
							SELECT
								1
							FROM
								temp_salesflow
							WHERE salesflow.YEAR = temp_salesflow.YEAR
							AND salesflow.MONTH = temp_salesflow.MONTH
						)
						and salesflow.typecode ='PurchaseAndSale'
						group by salesflow.docno, salesflow.productid, salesflow.customerid
					) b ON a.docno = b.docno and a.productid = b.productid and a.customerid = b.customerid	
					
			]]> 
		</sql>
		
		<sql name="upGeneralrebatebookByAvailable">
			<![CDATA[
				update generalrebatebook set 
					qty_used = ( 
						select COALESCE (SUM(qty), 0) from rebateslit left join rebatedetail on rebateslit.id = rebatedetail.parentid
						where rebatedetail.flowid = generalrebatebook.id
							and rebateslit.statuscode = 'open'
					), 
					qty_book = (
						select COALESCE (SUM(qty), 0) from rebateslit left join rebatedetail on rebateslit.id = rebatedetail.parentid
						where rebatedetail.flowid = generalrebatebook.id
							and rebateslit.statuscode = 'commit'					
					), 
					qty_available = qty_total - ( 
						select COALESCE (SUM(qty), 0) from rebateslit left join rebatedetail on rebateslit.id = rebatedetail.parentid
						where rebatedetail.flowid = generalrebatebook.id
							and rebateslit.statuscode = 'open'
					) - (
						select COALESCE (SUM(qty), 0) from rebateslit left join rebatedetail on rebateslit.id = rebatedetail.parentid
						where rebatedetail.flowid = generalrebatebook.id
							and rebateslit.statuscode = 'commit'					
					)
				where EXISTS (
						SELECT
							1
						FROM
							temp_salesflow
						WHERE
							generalrebatebook.YEAR = temp_salesflow.YEAR
						AND generalrebatebook.MONTH = temp_salesflow.MONTH
					)
			]]> 
		</sql>
		<!-- 
			WHERE
					NOT EXISTS (
						SELECT
							1
						FROM
							generalrebatebook
						WHERE
							generalrebatebook. YEAR = a. YEAR
						AND generalrebatebook. MONTH = a. MONTH
						AND generalrebatebook.customerid = a.customerid
						AND generalrebatebook.productid = a.productid
					)
		 -->
	</dataSpace>
	
	<dataSpace name="AgentAgreement">
		<sql name="setAgreementDetailId">
			<![CDATA[
				update @{tempTable}  set parentid = @{parentid}, productid = product.id, 
				customerid = customer.id, customercode = customer.code, @{tempTable}.level = customer.level, @{tempTable}.grade = customer.grade
				from @{tempTable} 
				left join product on @{tempTable}.productname = product.name and @{tempTable}.spec = product.spec
				left join customer on @{tempTable}.customername = customer.name or @{tempTable}.customercode = customer.code
			]]>
		</sql>
		
		<sql name="setAgreementDetail_qtydecompose">
			<![CDATA[
				update @{tempTable}  
				set qty1 = Round(qty * month1,0), 
					qty2 = Round(qty * month2,0), 
					qty3 = Round(qty * month3,0), 
					qty4 = Round(qty * month4,0), 
					qty5 = Round(qty * month5,0), 
					qty6 = Round(qty * month6,0), 
					qty7 = Round(qty * month7,0), 
					qty8 = Round(qty * month8,0), 
					qty9 = Round(qty * month9,0), 
					qty10 = Round(qty * month10,0), 
					qty11 = Round(qty * month11,0), 
					qty12 = qty - (
							Round(qty * month1,0) + 
							Round(qty * month2,0) + 
							Round(qty * month3,0) + 
							Round(qty * month4,0) + 
							Round(qty * month5,0) + 
							Round(qty * month6,0) + 
							Round(qty * month7,0) + 
							Round(qty * month8,0) + 
							Round(qty * month9,0) + 
							Round(qty * month10,0) + 
							Round(qty * month11,0) 
						)
				from @{tempTable}, month_proportion
				
			]]>
		</sql>
		
		<sql name="cntAgreementNegoType">
			<![CDATA[
				select count(1) from @{tempTable} where @{tempTable}.negotiationtype not in (
					select dictionary.value from dictionary where groupcode = 'negotype' 
				)
			]]>
		</sql>
		
		<sql name="cntAgreementPolicy">
			<![CDATA[
				select count(1) from @{tempTable} where ISNUMERIC(policy)=0
			]]>
		</sql>
		
		<sql name="cntAgreementqtyDetailproductId">
			<![CDATA[
				select count(1) from @{tempTable} where @{tempTable}.productid not in (
					select agreementfinedetail.productid from agreementfinedetail where agreementfinedetail.parentid = @{parentid} 
				)
			]]>
		</sql>
		
		<sql name="setAgreementDetailPrice">
			<![CDATA[
				UPDATE agreementqtydetail set price = agreementfinedetail.price_invoice
				from agreementqtydetail 
				LEFT JOIN agreementfinedetail 
					on agreementqtydetail.productid = agreementfinedetail.productid 
					and agreementqtydetail.parentid = agreementfinedetail.parentid 
				where agreementqtydetail.parentid =  @{parentid} 
			]]>
		</sql>
		
		<sql name="setAgreementDetailNegotypecode">
			<![CDATA[
				update @{tempTable}  set negotiationtypecode = dictionary.code, rate_tax = 0
				from @{tempTable} left join dictionary on @{tempTable}.negotiationtype = dictionary.value 
					and dictionary.groupcode = 'negotype'
				where @{tempTable}.negotiationtype is not null or @{tempTable}.negotiationtype <> ''
			]]>
		</sql>
		
		<sql name="setAgreementDetailRate_tax">
			<![CDATA[
				update @{tempTable}  set rate_tax = 0
				from @{tempTable} 
			]]>
		</sql>
		
		<sql name="deleteFineDetailOnAgreementId">
			<![CDATA[
				delete agreementfinedetail where parentid = @{parentid}
			]]>
		</sql>
		
		<sql name="transferToFineDetail">
			<![CDATA[
				insert into agreementfinedetail (
					id, productid, productname, spec, price_sale, price_lowest, price_invoice,fine_achieve, fine_learning, fine_government, rate_tax, parentid, amt_negotiation,negotiationtypecode,
					negotiationtype, qty_rebateline, amt_bond_plan, amt_bond_actual, paymentorg, amt_bond_fix,amt_selfmanagement, policy, price, period_account_ly, period_account_cy,
					period_shippment, period_general_cy, creditlimit_cy, distributionpoint, rate_rebate_s, rate_rebate_y, qtyline_rebate, customerid, customercode, customername, linkedid, negobegindate, negoenddate, stall, responsible, price_bid
				) 
				select 
					id, productid, productname, spec, price_sale, price_lowest, price_invoice,fine_achieve, fine_learning, fine_government, rate_tax, parentid, amt_negotiation,negotiationtypecode,
					negotiationtype, qty_rebateline, amt_bond_plan, amt_bond_actual, paymentorg, amt_bond_fix,amt_selfmanagement, policy, price, period_account_ly, period_account_cy,
					period_shippment, period_general_cy, creditlimit_cy, distributionpoint, rate_rebate_s, rate_rebate_y, qtyline_rebate, customerid, customercode, customername, linkedid, negobegindate, negoenddate, stall, responsible, price_bid
 				from @{tempTable} 
				where @{tempTable}.parentid = @{parentid}
			]]>
		</sql>
		
		<sql name="deleteQtyDetailOnAgreementId">
			<![CDATA[
				delete agreementqtydetail where parentid = @{parentid}
			]]>
		</sql>
		
		<sql name="transferToQtyDetail">
			<![CDATA[
				insert into agreementqtydetail (
					id,customerid,customercode,customername,productid,productname,spec,price,
					qty1,qty2,qty3,qty4,qty5,qty6,qty7,qty8,qty9,qty10,qty11,qty12,qty,parentid,
					level,linkedid,grade
				) 
				select id,customerid,customercode,customername,productid,productname,spec,price,
					qty1,qty2,qty3,qty4,qty5,qty6,qty7,qty8,qty9,qty10,qty11,qty12,qty,parentid,
					level,linkedid,grade 
				from @{tempTable} 
				where @{tempTable}.parentid = @{parentid}
			]]>
		</sql>		

	</dataSpace>
	
	<dataSpace name="rebateslitAndDetail">
		<sql name="setRebateslitId">
			<![CDATA[
				UPDATE temp_rebateslitanddetail set typecode = dictionary.envalue, 
					productid=product.id, productcode = product.code,
					customerid=customer.id, customercode = customer.code,
					operatorid = '@{userid}',
					operator = '@{username}',
					statuscode='input',
					productgroupid='@{productgroupid}',
					productgroupname='@{productgroupname}'
				 from temp_rebateslitanddetail
				 left join dictionary on temp_rebateslitanddetail.type = dictionary.value and dictionary.groupcode='typeCode'
				 left join product on temp_rebateslitanddetail.productname = product.name
				 left join customer on temp_rebateslitanddetail.customername = customer.name
			]]>
		</sql>	
		
		<sql name="setRebateslitProvinceByShort">
			<![CDATA[	
				update temp_rebateslitanddetail  set province = province.cnname
				from temp_rebateslitanddetail
				left join province on temp_rebateslitanddetail.province = province.shortname
				where 
					EXISTS (
						SELECT
							1
						FROM
							province
						WHERE
							temp_rebateslitanddetail.province = province.shortname
					)
					and typecode = 'SelfSale'
			]]>
		</sql>
			
		<sql name="setRebateslitProvinceByAbbreviation">
			<![CDATA[	
				update temp_rebateslitanddetail  set province = province.cnname
				from temp_rebateslitanddetail 
				left join province on temp_rebateslitanddetail.province = province.abbreviation
				where 
					EXISTS (
						SELECT
							1
						FROM
							province
						WHERE
							temp_rebateslitanddetail.province = province.abbreviation
					)
					and typecode = 'SelfSale'
			]]>
		</sql>	
		
		
		<sql name="setRebateslitByPurchaseAndSale">
			<![CDATA[	
				UPDATE temp_rebateslitanddetail 
				set 
				flowid = generalrebatebook.id,
				price_doc=generalrebatebook.price_doc,
				amt_doc=generalrebatebook.amt_doc,
				qty_original= generalrebatebook.qty_original,
				agentname=(SELECT name from customer where id=v_rebatebooksummary.rebate_agentid), 
				agentcode=(SELECT code from customer where id=v_rebatebooksummary.rebate_agentid), 
				agentid=v_rebatebooksummary.rebate_agentid,
				agreementfinedetailid=v_customerangent.agreementfinedetailid,
				agreementid=v_customerangent.agreementid
				
				from temp_rebateslitanddetail
				LEFT JOIN v_rebatebooksummary on temp_rebateslitanddetail.docno=v_rebatebooksummary.docno
				LEFT JOIN generalrebatebook 
					on temp_rebateslitanddetail.docno=generalrebatebook.docno 
					and temp_rebateslitanddetail.customerid=generalrebatebook.customerid 
					and temp_rebateslitanddetail.productid = generalrebatebook.productid
				LEFT JOIN v_customerangent on v_customerangent.customerid = temp_rebateslitanddetail.customerid 
					and v_customerangent.typecode = temp_rebateslitanddetail.typecode
					and v_customerangent.productid = temp_rebateslitanddetail.productid
					and (v_customerangent.beginyear * 100 + v_customerangent.beginmonth) <= (temp_rebateslitanddetail.flowyear * 100 + temp_rebateslitanddetail.flowmonth)
					and (v_customerangent.endyear * 100 + v_customerangent.endmonth) >= (temp_rebateslitanddetail.flowyear * 100 + temp_rebateslitanddetail.flowmonth)
				where temp_rebateslitanddetail.typecode='PurchaseAndSale'
			]]>
		</sql>	
		
		<sql name="setRebateslitByAgency">
			<![CDATA[	
				UPDATE temp_rebateslitanddetail 
				set 
				flowid = generalrebatebook.id,
				qty_original= generalrebatebook.qty_original,
				agentname=(SELECT name from customer where id=v_customerangent.agentid), 
				agentcode=(SELECT code from customer where id=v_customerangent.agentid),
				agentid=v_customerangent.agentid,
				agreementfinedetailid=v_customerangent.agreementfinedetailid,
				agreementid=v_customerangent.agreementid
				
				from temp_rebateslitanddetail
				LEFT JOIN generalrebatebook on generalrebatebook.year=temp_rebateslitanddetail.flowyear 
					and generalrebatebook.month=temp_rebateslitanddetail.flowmonth 
					and generalrebatebook.customerid=temp_rebateslitanddetail.customerid 
					and generalrebatebook.productid=temp_rebateslitanddetail.productid
				LEFT JOIN v_customerangent on v_customerangent.customerid = temp_rebateslitanddetail.customerid 
					and v_customerangent.typecode = temp_rebateslitanddetail.typecode
					and v_customerangent.productid = temp_rebateslitanddetail.productid
					and (v_customerangent.beginyear * 100 + v_customerangent.beginmonth) <= (temp_rebateslitanddetail.flowyear * 100 + temp_rebateslitanddetail.flowmonth)
					and (v_customerangent.endyear * 100 + v_customerangent.endmonth) >= (temp_rebateslitanddetail.flowyear * 100 + temp_rebateslitanddetail.flowmonth)
				where temp_rebateslitanddetail.typecode='Agency'
			]]>
		</sql>	
		
		<sql name="setRebateslitBySelfSale">
			<![CDATA[	
				UPDATE temp_rebateslitanddetail 
				set 
				flowid = generalrebatebook.id,
				qty_original= generalrebatebook.qty_original,
				agentname=(SELECT name from customer where id=v_customerangent.agentid), 
				agentcode=(SELECT code from customer where id=v_customerangent.agentid),
				agentid=v_customerangent.agentid,
				agreementfinedetailid=v_customerangent.agreementfinedetailid,
				agreementid=v_customerangent.agreementid
				
				from temp_rebateslitanddetail
				LEFT JOIN generalrebatebook on generalrebatebook.year=temp_rebateslitanddetail.flowyear 
					and generalrebatebook.month=temp_rebateslitanddetail.flowmonth 
					and generalrebatebook.customerid=temp_rebateslitanddetail.customerid 
					and generalrebatebook.productid=temp_rebateslitanddetail.productid
				LEFT JOIN v_customerangent on v_customerangent.customerid = temp_rebateslitanddetail.customerid 
					and v_customerangent.typecode = temp_rebateslitanddetail.typecode
					and v_customerangent.productid = temp_rebateslitanddetail.productid
					and (v_customerangent.beginyear * 100 + v_customerangent.beginmonth) <= (temp_rebateslitanddetail.flowyear * 100 + temp_rebateslitanddetail.flowmonth)
					and (v_customerangent.endyear * 100 + v_customerangent.endmonth) >= (temp_rebateslitanddetail.flowyear * 100 + temp_rebateslitanddetail.flowmonth)
				where temp_rebateslitanddetail.typecode='SelfSale'
			]]>
		</sql>	
		
		<sql name="cntRebateslitByTypecode">
			<![CDATA[	
				SELECT count(1) from temp_rebateslitanddetail where typecode is null or typecode = ''
			]]>
		</sql>
		
		<sql name="cntRebateslitByCustomer">
			<![CDATA[	
				SELECT count(1) from temp_rebateslitanddetail where customerid is null or customerid = ''
			]]>
		</sql>
		
		<sql name="cntRebateslitByproduct">
			<![CDATA[	
				SELECT count(1) from temp_rebateslitanddetail where productid is null or productid = ''
			]]>
		</sql>
			
		<sql name="cntRebateslitByagreement">
			<![CDATA[	
				SELECT count(1) from temp_rebateslitanddetail where agreementid is null or agreementid = ''
			]]>
		</sql>	
		
		<sql name="cntRebateslitByProvince_SelfSale">
			<![CDATA[	
				select count(1) from temp_rebateslitanddetail
				where 
					not EXISTS (
						SELECT
							1
						FROM
							province
						WHERE
							temp_rebateslitanddetail.province = province.cnname
					)
					and temp_rebateslitanddetail.typecode='SelfSale'
			
			]]>
		</sql>	
		
		<sql name="cntRebateslitByNotMyProvince">
			<![CDATA[	
				select count(1) from temp_rebateslitanddetail
				where province not IN (
					SELECT
						cnname AS province
					FROM
						province
					WHERE
						@{userProvince}
				)
				or province is null 
				or province = ''
			]]>
		</sql>	
		
		<sql name="cntRebateslitByNotMyProduct">
			<![CDATA[	
				select count(1) from temp_rebateslitanddetail
				where productid not IN (
					SELECT
						memberid AS productid
					FROM
						product_member
					WHERE
						parentid = '@{productgroupid}'
				)
				or productid is null 
				or productid = ''
			]]>
		</sql>	
		
		<sql name="deleteTemp_rebateslit">
			<![CDATA[	
				truncate table temp_rebateslit;
			]]>
		</sql>	
			
		<sql name="insetTemp_rebateslit">
			<![CDATA[	
				INSERT INTO temp_rebateslit (
					docyear, docmonth, operatorid, operator, statuscode, typecode, 
					workflowid, agentid, agentcode, agentname, NO,
					rejectid, rejectreason, iserror, isused, uploadstatus,
					actionstatus, productgroupname, productgroupid, province
				) SELECT DISTINCT
					docyear, docmonth, operatorid, operator, statuscode, typecode, 
					workflowid, agentid, agentcode, agentname, NO,
					rejectid, rejectreason, iserror, isused, uploadstatus,
					actionstatus, productgroupname, productgroupid, province
				FROM
					temp_rebateslitanddetail	
			]]>
		</sql>	
		
		<sql name="upRebateslitanddetailByParentid">
			<![CDATA[	
				UPDATE temp_rebateslitanddetail
				SET parentid = (
					SELECT
						id
					FROM
						temp_rebateslit
					WHERE
						temp_rebateslitanddetail.docyear = temp_rebateslit.docyear
					AND temp_rebateslitanddetail.docmonth = temp_rebateslit.docmonth
					AND temp_rebateslitanddetail.operatorid = temp_rebateslit.operatorid
					AND temp_rebateslitanddetail.operator = temp_rebateslit.operator
					AND temp_rebateslitanddetail.statuscode = temp_rebateslit.statuscode
					AND temp_rebateslitanddetail.typecode = temp_rebateslit.typecode
					AND temp_rebateslitanddetail.agentid = temp_rebateslit.agentid
					AND temp_rebateslitanddetail.agentcode = temp_rebateslit.agentcode
					AND temp_rebateslitanddetail.agentname = temp_rebateslit.agentname
					AND temp_rebateslitanddetail.productgroupname = temp_rebateslit.productgroupname
					AND temp_rebateslitanddetail.productgroupid = temp_rebateslit.productgroupid
				)
			]]>
		</sql>	
		
		<sql name="insetRebateslit">
			<![CDATA[	
				INSERT INTO rebateslit (
					id, docyear, docmonth, createtime, operatorid, operator, statuscode, typecode, 
					workflowid, agentid, agentcode, agentname, NO,
					rejectid, rejectreason, iserror, isused, uploadstatus,
					actionstatus, productgroupname, productgroupid, province
				) SELECT
					id, docyear, docmonth, createtime, operatorid, operator, statuscode, typecode, 
					workflowid, agentid, agentcode, agentname, NO,
					rejectid, rejectreason, iserror, isused, uploadstatus,
					actionstatus, productgroupname, productgroupid, province
				FROM
					temp_rebateslit	
			]]>
		</sql>	
		
		<sql name="insetRebatedetail">
			<![CDATA[	
				INSERT INTO rebatedetail (
					id, agentid, customerid, parentid, productid,
					qty_original, qty, flowyear, flowmonth, flowid,
					agreementfinedetailid, price_rebate, docstate,
					docno, agreementid, price_rebate_nego,
					amt, amt_doc, price_doc
				
				) SELECT
					id, agentid, customerid, parentid, productid,
					qty_original, qty, flowyear, flowmonth, flowid,
					agreementfinedetailid, price_rebate, docstate,
					docno, agreementid, price_rebate_nego,
					amt, amt_doc, price_doc
				FROM
					temp_rebateslitanddetail
			]]>
		</sql>	
			
			
	</dataSpace>
	
	<dataSpace name="feeslitAndDetail">
		<sql name="setFeeslitfine_rate">
			<![CDATA[
				UPDATE temp_feeslitanddetail set fine_rate = '普通发票'
				from temp_feeslitanddetail 
				where fine_rate = '' or fine_rate is null
			]]>
		</sql>	
		
		<sql name="setFeeslitId">
			<![CDATA[
				UPDATE temp_feeslitanddetail set operatorid = '@{userid}', operator = '@{username}', statuscode = 'input', agentid=customer.id,
					rebateid = rebateslit.id, typecode= rebateslit.typecode, type=(SELECT value from dictionary where groupcode='typeCode' and envalue=rebateslit.typecode),
					amt_fine_rate = amt*(SELECT code from dictionary where groupcode='fine_ratetype' and value=fine_rate)
				from temp_feeslitanddetail 
				LEFT JOIN customer on temp_feeslitanddetail.agentcode=customer.code and temp_feeslitanddetail.agentname=customer.name
				LEFT JOIN rebateslit on temp_feeslitanddetail.rebateno=rebateslit.no 
				where rebateslit.statuscode = 'open'
			]]>
		</sql>	
		
		<sql name="setFeeslitProvinceByShort">
			<![CDATA[
				update temp_feeslitanddetail set province = province.cnname
				from temp_feeslitanddetail
				left join province on temp_feeslitanddetail.province = province.shortname
				where 
					EXISTS (
						SELECT
							1
						FROM
							province
						WHERE
							temp_feeslitanddetail.province = province.shortname
					)
			]]>
		</sql>	
		
		<sql name="setFeeslitProvinceByAbbreviation">
			<![CDATA[
				update temp_feeslitanddetail set province = province.cnname
				from temp_feeslitanddetail
				left join province on temp_feeslitanddetail.province = province.abbreviation
				where 
					EXISTS (
						SELECT
							1
						FROM
							province
						WHERE
							temp_feeslitanddetail.province = province.abbreviation
					)
			]]>
		</sql>	
		
		<sql name="setFeeslitCustomerid">
			<![CDATA[
				update temp_feeslitanddetail set customerid = csolist.id
				from temp_feeslitanddetail
								left join csolist 
				on temp_feeslitanddetail.agentid = csolist.agentid 
				and temp_feeslitanddetail.province = csolist.province 
				and temp_feeslitanddetail.customername= csolist.cspname
			]]>
		</sql>	
		
		<sql name="cntFeeslitAgentid">
			<![CDATA[
				SELECT count(1) from temp_feeslitanddetail where agentid is null or agentid = ''
			]]>
		</sql>	
		
		<sql name="cntFeeslitRebateid">
			<![CDATA[
				SELECT count(1) from temp_feeslitanddetail where rebateid is null or rebateid = ''
			]]>
		</sql>	
		
		<sql name="cntFeeslitProvince">
			<![CDATA[
				select count(1) from temp_feeslitanddetail
				where 
					not EXISTS (
						SELECT
							1
						FROM
							province
						WHERE
							temp_feeslitanddetail.province = province.cnname
					)
			]]>
		</sql>	
		
		<sql name="cntFeeslitCustomerid">
			<![CDATA[
				SELECT count(1) from temp_feeslitanddetail where customerid is null or customerid = ''
			]]>
		</sql>	
		
		<sql name="cntFeeslitRebateAndAgent">
			<![CDATA[
				SELECT count(1) from temp_feeslitanddetail GROUP BY rebateid, customerid,agentid,province HAVING count(1)>1
			]]>
		</sql>	
		
		<sql name="deleteTemp_feeslit">
			<![CDATA[
				truncate table temp_feeslit
			]]>
		</sql>	
		
		<sql name="insetTemp_feeslit">
			<![CDATA[
				INSERT INTO temp_feeslit (
					docyear, docmonth, createtime,
					operatorid, operator, statuscode,
					agentid, agentcode, agentname,
					NO, rebateid, rebateno, typecode,
					iserror, type, workflowid
				) SELECT DISTINCT
					docyear, docmonth, createtime,
					operatorid, operator, statuscode,
					agentid, agentcode, agentname,
					NO, rebateid, rebateno, typecode,
					iserror, type, workflowid
				FROM
					temp_feeslitanddetail
			]]>
		</sql>	
		
		<sql name="upFeeslitanddetailByParentid">
			<![CDATA[
				UPDATE temp_feeslitanddetail
				SET parentid = (
					SELECT
						id
					FROM
						temp_feeslit
					WHERE
					temp_feeslitanddetail.docyear = temp_feeslit.docyear
					AND temp_feeslitanddetail.docmonth = temp_feeslit.docmonth
					AND temp_feeslitanddetail.createtime = temp_feeslit.createtime
					AND temp_feeslitanddetail.operatorid = temp_feeslit.operatorid
					AND temp_feeslitanddetail.operator = temp_feeslit.operator
					AND temp_feeslitanddetail.statuscode = temp_feeslit.statuscode
					AND temp_feeslitanddetail.agentid = temp_feeslit.agentid
					AND temp_feeslitanddetail.agentcode = temp_feeslit.agentcode
					AND temp_feeslitanddetail.agentname = temp_feeslit.agentname
					AND temp_feeslitanddetail.rebateid = temp_feeslit.rebateid
					AND temp_feeslitanddetail.rebateno = temp_feeslit.rebateno
					AND temp_feeslitanddetail.typecode = temp_feeslit.typecode
					AND temp_feeslitanddetail.type = temp_feeslit.type
					
				)
			]]>
		</sql>	
		
		<sql name="insetFeeslit">
			<![CDATA[
				INSERT INTO feeslit (
					id, docyear, docmonth, createtime,
					operatorid, operator, statuscode,
					agentid, agentcode, agentname,
					NO, rebateid, rebateno, typecode,
					iserror, type, workflowid
				) SELECT
					id, docyear, docmonth, createtime,
					operatorid, operator, statuscode,
					agentid, agentcode, agentname,
					NO, rebateid, rebateno, typecode,
					iserror, type, workflowid
				FROM
					temp_feeslit
			]]>
		</sql>	
		
		<sql name="insetFeedetail">
			<![CDATA[
				INSERT INTO feedetail (
					id,	agentid, customerid,	
					parentid, amt, rebateid,	
					createtime, amt_other, fine_rate, amt_fine_rate
				) SELECT
					id,	agentid, customerid,	
					parentid, amt, rebateid,	
					createtime, amt_other, fine_rate, amt_fine_rate
				FROM
					temp_feeslitanddetail
			]]>
		</sql>	
		
	</dataSpace>
</sqls>
