<?xml version="1.0" encoding="UTF-8"?>
<!DOCTYPE sql PUBLIC "sql" "../config/sql.dtd" >

<sqls>
	<dataSpace name="pms">
		<sql name="getTable_detail">
			<![CDATA[
				select *, id as code, tabletxt as name from table_detail where active='T' ORDER BY no
			]]>
		</sql>
		
		<sql name="getTable_detailByFilter">
			<![CDATA[
				select * from table_detail where @{filter}
			]]>
		</sql>
		
		<sql name="getTable_relationBytableid">
			<![CDATA[
				select * from table_relation where tableid = '@{tableid}'
			]]>
		</sql>
		
		<sql name="addErrorlog">
			<![CDATA[
				insert into errorlog (id, tablename, errormessage, typecode) values(replace(newid(), '-', ''), '@{tablename}', '@{errormessage}', '@{typecode}')
			]]>
		</sql>
		
	</dataSpace>
	
	<dataSpace name="toserver">
		<sql name="toserver_agreement">
			<![CDATA[
				select * from agreement where actionstatus = 'carry'
			]]>
		</sql>
		<sql name="toserver_product">
			<![CDATA[
				select * from product
			]]>
		</sql>
		<sql name="toserver_business">
			<![CDATA[
				select * from customer where typecode='business'
			]]>
		</sql>
		<sql name="toserver_csolist">
			<![CDATA[
				select * from csolist
			]]>
		</sql>
		<sql name="toserver_docgeneralrebatebook">
			<![CDATA[
				select * from generalrebatebook where typecode='PurchaseAndSale'
			]]>
		</sql>
		<sql name="toserver_docsalesflow">
			<![CDATA[
				select * from salesflow where typecode='PurchaseAndSale'
			]]>
		</sql>
		<sql name="toserver_generalrebatebook">
			<![CDATA[
				select * from generalrebatebook where typecode<>'PurchaseAndSale'
			]]>
		</sql>
		<sql name="toserver_hospital">
			<![CDATA[
				select * from customer where typecode='hospital'
			]]>
		</sql>
		<sql name="toserver_agent">
			<![CDATA[
				select * from customer where typecode='agent'
			]]>
		</sql>
		<sql name="toserver_salesflow">
			<![CDATA[
				select * from salesflow where typecode<>'PurchaseAndSale'
			]]>
		</sql>
		<sql name="toserver_rebateslit">
			<![CDATA[
				select * from rebateslit where actionstatus = 'carry'
			]]>
		</sql>
		<sql name="toserver_rebatedetail">
			<![CDATA[
				select * from rebatedetail where exists (select 1 from tocsv_rebateslit A where rebatedetail.parentid = A.id)
			]]>
		</sql>
		<sql name="toserver_agreementfinedetail">
			<![CDATA[
				select * from agreementfinedetail where exists (select 1 from tocsv_agreement A where agreementfinedetail.parentid = A.id)
			]]>
		</sql>
		<sql name="toserver_agreementqtydetail">
			<![CDATA[
				select * from agreementqtydetail where exists (select 1 from tocsv_agreement A where agreementqtydetail.parentid = A.id)
			]]>
		</sql>
		
		<sql name="up_agreement_actionstatus">
			<![CDATA[
				update agreement set actionstatus = 'carry' where statuscode='open' and agreementstatus='open' and (uploadstatus is null or uploadstatus='await' or uploadstatus='change')
			]]>
		</sql>
		<sql name="up_agreement_uploadstatus">
			<![CDATA[
				update agreement set actionstatus = 'open', uploadstatus='open'  where actionstatus = 'carry' and (uploadstatus is null or uploadstatus='await' or uploadstatus='change')
			]]>
		</sql>
		
		
		<sql name="up_rebateslit_actionstatus">
			<![CDATA[
				update rebateslit set actionstatus = 'carry' where statuscode='open' and agreementstatus='open' and (uploadstatus is null or uploadstatus='await' or uploadstatus='change')
			]]>
		</sql>
		<sql name="up_rebateslit_uploadstatus">
			<![CDATA[
				update rebateslit set actionstatus = 'open', uploadstatus='open'  where actionstatus = 'carry' and (uploadstatus is null or uploadstatus='await' or uploadstatus='change')
			]]>
		</sql>
		
	</dataSpace>
	
	<dataSpace name="serverToDB">
		<sql name="adderror_product">
			<![CDATA[
			
			]]>
		</sql>
		
		<sql name="todb_product_delete">
			<![CDATA[
				DELETE
				FROM
					product
				WHERE
					NOT EXISTS (
						SELECT
							1
						FROM
							csvtemp_product
						WHERE
							product.id = csvtemp_product.id
					)
			]]>
		</sql>

		<sql name="todb_agent_delete">
			<![CDATA[
				DELETE
				FROM
					customer
				WHERE
					NOT EXISTS (
						SELECT
							1
						FROM
							csvtemp_agent
						WHERE
							customer.id = csvtemp_agent.id
					)
					and customer.typecode = 'agent'
			]]>
		</sql>
		
		<sql name="todb_business_delete">
			<![CDATA[
				DELETE
				FROM
					customer
				WHERE
					NOT EXISTS (
						SELECT
							1
						FROM
							csvtemp_business
						WHERE
							customer.id = csvtemp_business.id
					)
					and customer.typecode = 'business'
			]]>
		</sql>
		<sql name="todb_docgeneralrebatebook_delete">
			<![CDATA[
				DELETE
				FROM
					generalrebatebook
				WHERE
					NOT EXISTS (
						SELECT
							1
						FROM
							csvtemp_docgeneralrebatebook
						WHERE
							generalrebatebook.id = csvtemp_docgeneralrebatebook.id
					)
					and generalrebatebook.typecode = 'PurchaseAndSale'
			]]>
		</sql>
		<sql name="todb_docsalesflow_delete">
			<![CDATA[
				DELETE
				FROM
					salesflow
				WHERE
					NOT EXISTS (
						SELECT
							1
						FROM
							csvtemp_docsalesflow
						WHERE
							salesflow.id = csvtemp_docsalesflow.id
					)
					and salesflow.typecode = 'PurchaseAndSale'
			]]>
		</sql>
		<sql name="todb_generalrebatebook_delete">
			<![CDATA[
				DELETE
				FROM
					generalrebatebook
				WHERE
					NOT EXISTS (
						SELECT
							1
						FROM
							csvtemp_generalrebatebook
						WHERE
							generalrebatebook.id = csvtemp_generalrebatebook.id
					)
					and generalrebatebook.typecode <> 'PurchaseAndSale'
			]]>
		</sql>
		<sql name="todb_hospital_delete">
			<![CDATA[
				DELETE
				FROM
					customer
				WHERE
					NOT EXISTS (
						SELECT
							1
						FROM
							csvtemp_hospital
						WHERE
							customer.id = csvtemp_hospital.id
					)
					and customer.typecode = 'hospital'
			]]>
		</sql>
		<sql name="todb_salesflow_delete">
			<![CDATA[
				DELETE
				FROM
					salesflow
				WHERE
					NOT EXISTS (
						SELECT
							1
						FROM
							csvtemp_salesflow
						WHERE
							salesflow.id = csvtemp_salesflow.id
					)
					and salesflow.typecode <> 'PurchaseAndSale'
			]]>
		</sql>

		<sql name="todb_product_add">
			<![CDATA[
				INSERT INTO product (
					id, code, name, alias, spec, brandid, brandname, price,
					specint, convertrate					
				) SELECT
					*
				FROM
					(SELECT * from csvtemp_product where NOT EXISTS (
						SELECT
							1
						FROM
							csverror_product
						WHERE
							csvtemp_product.id = csverror_product.id
					)) A
				WHERE
					NOT EXISTS (
						SELECT
							1
						FROM
							product
						WHERE
							A.id = product.id
					)
			]]>
		</sql>
		
		<sql name="todb_product_up">
			<![CDATA[
				UPDATE product
				SET 
				 product.code = csvtemp_product.code,
				 product.name = csvtemp_product.name,
				 product.alias = csvtemp_product.alias,
				 product.spec = csvtemp_product.spec,
				 product.brandid = csvtemp_product.brandid,
				 product.brandname = csvtemp_product.brandname,
				 product.price = csvtemp_product.price,
				 product.specint = csvtemp_product.specint,
				 product.convertrate = csvtemp_product.convertrate
				FROM
					product
				INNER JOIN csvtemp_product 
				ON product.id = csvtemp_product.id
			]]>
		</sql>
		
		<sql name="toserver_error_product">
			<![CDATA[
				
			]]>
		</sql>
		
		<sql name="todb_table_add">
			<![CDATA[
				INSERT INTO @{tablename} (
					@{fieldNames}					
				) SELECT
					*
				FROM
					(SELECT * from @{csvtemp_tablename} where NOT EXISTS (
						SELECT
							1
						FROM
							@{csverror_tablename}
						WHERE
							@{csvtemp_tablename}.id = @{csverror_tablename}.id
					)) A
				WHERE
					NOT EXISTS (
						SELECT
							1
						FROM
							@{tablename}
						WHERE
							A.id = @{tablename}.id
					)
			]]>
		</sql>
		
		<sql name="todb_table_up">
			<![CDATA[
				UPDATE @{tablename}
				SET 
				 @{fieldMap}
				FROM
					@{tablename}
				INNER JOIN @{csvtemp_tablename} 
				ON @{tablename}.id = @{csvtemp_tablename}.id
			]]>
		</sql>
		
		<sql name="todb_table_delete">
			<![CDATA[
				DELETE
				FROM
					@{tablename}
				WHERE
					NOT EXISTS (
						SELECT
							1
						FROM
							@{csvtemp_tablename} 
						WHERE
							@{tablename}.id = @{csvtemp_tablename}.id
					)
			]]>
		</sql>
	</dataSpace>
	
	<dataSpace name="dataInit">
		<sql name="setCodesequenceMaxInit">
			<![CDATA[
				UPDATE codesequence set maxvalue = 0
			]]>
		</sql>
	</dataSpace>
	
</sqls>
