<?xml version="1.0" encoding="UTF-8"?>
<!DOCTYPE sql PUBLIC "sql" "../config/sql.dtd" >

<sqls>
	<dataSpace name="role">
		
		<sql name="getResourceByCode">
			<![CDATA[
				SELECT * FROM
					@{resource_tablename}
				WHERE
					EXISTS (
						SELECT * FROM
							resource_mapping_role
						WHERE
							typecode = '@{typecode}'
						AND resourcecode = '@{resourcecode}'
						AND resourceid = @{resource_tablename}.id
					)
					AND parentid = (select id from resource_page where code='@{pagecode}')
			]]>
		</sql>
		
		<sql name="getResourceByPersonal">
			<![CDATA[
				SELECT * FROM
					@{resource_tablename}
				WHERE
					EXISTS (
						SELECT * FROM
							resource_mapping_personal
						WHERE
							typecode = '@{typecode}'
						AND userid = '@{userid}'
						AND resourceid = @{resource_tablename}.id
					)
					AND parentid = (select id from resource_page where code='@{pagecode}')
			]]>
		</sql>
		
		<sql name="getResourceByRole">
			<![CDATA[
				SELECT * FROM
					@{resource_tablename}
				WHERE
					EXISTS (
						SELECT * FROM
							resource_mapping_role
						WHERE
							typecode = '@{typecode}'
						AND rolecode = '@{rolecode}'
						AND resourceid = @{resource_tablename}.id
					)
					AND parentid = (select id from resource_page where code='@{pagecode}')
			]]>
		</sql>
		
		<sql name="getResourceBySubordinate">
			<![CDATA[
				SELECT * FROM
					@{resource_tablename}
				WHERE
					(EXISTS (
						SELECT * FROM
							resource_mapping_role
						WHERE
							typecode = '@{typecode}'
						AND EXISTS (
							SELECT * FROM
								employee
							WHERE
								id IN (@{children})
							AND resource_mapping_role.rolecode = employee.entitle
						)
						AND resourceid = @{resource_tablename}.id
					)
					
					OR 
					
					EXISTS (
						SELECT * FROM
							resource_mapping_personal
						WHERE
							typecode = '@{typecode}'
						AND EXISTS (
							SELECT * FROM
								employee
							WHERE
								id IN (@{children})
							AND resource_mapping_personal.userid = employee.id
						)
						AND resourceid = @{resource_tablename}.id
					))
					AND parentid = (select id from resource_page where code='@{pagecode}')
			]]>
		</sql>
	
	
	
	</dataSpace>
</sqls>
