<?xml version="1.0" encoding="UTF-8"?>
<!DOCTYPE sql PUBLIC "sql" "../config/sql.dtd" >

<sqls>

	<dataSpace name="user">
		<sql name="getClientUserByPhoneOrName">
			<![CDATA[
				select * from usr where phone = '@{phone}' or name = '@{username}'
			]]>
		</sql>

		<sql name="getUser">
			select usr.id, usr.name, usr.type, usr.caption, usr.phone, usr.rolecode, usr.title,
				org.code as orgcode, org.name as orgname, org.enname as orgenname, org.id as orgid,
				usr.employeeid as emp_id, v_hierarchy.name as emp_name, '' as emp_enname,
				v_hierarchy.cntitle as emp_title, usr.title as emp_entitle, 
				v_hierarchy.province as province,
				v_hierarchy.department as emp_department, '' as emp_endepartment,
				'' as emp_position
				from usr 
				left join usrorg on usr.id = usrorg.userid
				left join org on usrorg.orgid = org.id
				left join v_hierarchy on usr.id = v_hierarchy.id
			where usr.active = 'T' and org.active = 'T' 
				and @{userfilter} @{orgfilter}
		</sql>
	</dataSpace>	
	
	<dataSpace name="menu">
		<sql name="getRootMenu" > 
			select * from menu where menu.id in (select menuid from roleauthority where rolecode = '@{rolecode}') and parentId is null order by orderno
		</sql>

		<sql name="getMenuTreeByRoot" > 
			select * from menu 
			where menu.id in (select menuid from roleauthority where rolecode = '@{rolecode}') and rootId = '@{rootid}' 
			order by grade, parentId, orderno
		</sql>
	</dataSpace>
	
	<dataSpace name="roleauthority">
		<sql name="getRoleauthorityByRole" > 
			select menuid from roleauthority where rolecode='@{rolecode}'
		</sql>
		
		<sql name="getProduct_memberBygroup" > 
			select memberid from product_member where parentid='@{parentid}'
		</sql>
		
		<sql name="getProduct_mapping_roleByUser" > 
			select product_group.id as code, product_group.groupname as name, checkedProduct.checked  
			from product_group
			LEFT JOIN (
				select groupid, 1 as checked  from product_mapping_role where userid='@{selectid}'
			) checkedProduct on product_group.id = checkedProduct.groupid 
		</sql>
		
		<sql name="addRoleauthority" > 
			insert into roleauthority (id, rolecode, menuid) 
			values(?,?,?) 
		</sql>
	</dataSpace>
	
	
</sqls>
