<?xml version="1.0" encoding="UTF-8"?>

<rules>

	<rule name="agreementApplyNo">
		<segment name="provinceKey" class="athena.code.ProvinceKeySegment" field="province"/>
		<segment name="typeCode" class="athena.code.TypeCodeSegment" field="typecode"/>
		<segment name="platformCode" class="athena.code.PlatformCodeSegment" field="platformcode"/>
		<value>@{provinceKey},@{typeCode},@{platformCode},@{year(begindate)},@{no}</value>
	</rule>
	
	<rule name="agreementNo">
		<segment name="provinceKey" class="athena.code.ProvinceKeySegment" field="province"/>
		<segment name="platformCode" class="athena.code.PlatformCodeSegment" field="platformcode"/>
		<segment name="typeCode" class="athena.code.TypeCodeSegment" field="typecode"/>
		<value>@{provinceKey},@{platformCode},@{year(begindate)},@{typeCode},-,@{no}</value>
	</rule>
	
	<rule name="rebateslitNo">
		<segment name="typeCode" class="athena.code.TypeCodeSegment" field="typecode"/>
		<value>SL,@{typeCode},@{year(current.date)},@{month(current.date)},@{no}</value>
	</rule>
	
	<rule name="feeslitNo">
		<segment name="typeCode" class="athena.code.TypeCodeSegment" field="typecode"/>
		<value>FY,@{typeCode},@{year(current.date)},@{month(current.date)},@{no}</value>
	</rule>
	
</rules>
