<?xml version="1.0" encoding="UTF-8"?>

<objects>

	<object name="MainChannel" remark="主渠道" tablename="agreement" keycodeField="keycode" >
		<sourceField name="keycode" />
		<filter>
			<![CDATA[
				(('@{begindate}' >= begindate and '@{begindate}' <= enddate)
				or 
				('@{enddate}' >= begindate and '@{enddate}' <= enddate)
				or
				(begindate >= '@{begindate}' and begindate <= '@{enddate}')
				or 
				(enddate >= '@{begindate}' and enddate <= '@{enddate}'))				
			]]>
		</filter>
	</object>
	
	<object name="PurchaseAndSale" remark="底价" tablename="agreement">
		<sourceField name="keycode" />
		<!-- <sourceField name="agentid" /> -->
		<filter>
			<![CDATA[
				(('@{begindate}' >= begindate and '@{begindate}' <= enddate)
				or 
				('@{enddate}' >= begindate and '@{enddate}' <= enddate)
				or
				(begindate >= '@{begindate}' and begindate <= '@{enddate}')
				or 
				(enddate >= '@{begindate}' and enddate <= '@{enddate}'))	
			]]>
		</filter>
	</object>
	
	<object name="Agency" remark="佣金" tablename="agreement">
		<sourceField name="keycode" />
		<filter>
			<![CDATA[
				(('@{begindate}' >= begindate and '@{begindate}' <= enddate)
				or 
				('@{enddate}' >= begindate and '@{enddate}' <= enddate)
				or
				(begindate >= '@{begindate}' and begindate <= '@{enddate}')
				or 
				(enddate >= '@{begindate}' and enddate <= '@{enddate}'))		
			]]>
		</filter>
	</object>
	
	<object name="SelfSale" remark="自营" tablename="agreement">
		<sourceField name="keycode" />
		<filter>
			<![CDATA[
				(('@{begindate}' >= begindate and '@{begindate}' <= enddate)
				or 
				('@{enddate}' >= begindate and '@{enddate}' <= enddate)
				or
				(begindate >= '@{begindate}' and begindate <= '@{enddate}')
				or 
				(enddate >= '@{begindate}' and enddate <= '@{enddate}'))			
			]]>
		</filter>
	</object>		
</objects>
