<?xml version="1.0" encoding="UTF-8"?>
<!DOCTYPE sql PUBLIC "entity" "../config/entity.dtd" >

<entitys>

	<entity name="agreement">
		<field name="id" value="@{guid}" />
		<field name="operatorid" value="@{user.id}" />
		<field name="operator" value="@{user.emp_name}" />
		<field name="salesdepartmentname" value="@{user.emp_department}" />
		<field name="statuscode" value="input" />
	</entity>
	
	<entity name="rebateSlit">
		<field name="id" value="@{guid}" />
		<field name="operatorid" value="@{user.id}" />
		<field name="operator" value="@{user.emp_name}" />
		<field name="statuscode" value="input" />
	</entity>
	
	<entity name="feeSlit">
		<field name="id" value="@{guid}" />
		<field name="operatorid" value="@{user.id}" />
		<field name="operator" value="@{user.emp_name}" />
		<field name="statuscode" value="input" />
	</entity>	
</entitys>
